InputID,TargetID,Distance
Bolton 034,Manchester 060,10391.9989953786
Bolton 034,Salford 028,9162.08469778936
Bolton 034,Manchester 018,12592.8024555285
Bolton 034,Manchester 054,10535.7067591873
Bolton 034,Tameside 013,18237.096081817
Bolton 034,Manchester 053,20695.6795015091
Bolton 034,Manchester 055,11335.7298115144
Bolton 034,Stockport 014,20080.5919340283
Bolton 034,Trafford 002,8231.30034010022
Bury 004,Manchester 060,16142.7400829808
Bury 004,Salford 028,16100.8072115605
Bury 004,Manchester 018,17423.9738901475
Bury 004,Manchester 054,15231.0432794017
Bury 004,Tameside 013,19413.3726730119
Bury 004,Manchester 053,28696.8208435093
Bury 004,Manchester 055,16208.7999536073
Bury 004,Stockport 014,24776.3213461711
Bury 004,Trafford 002,17095.6293514384
Bury 005,Manchester 060,15407.5072630232
Bury 005,Salford 028,15200.5976323207
Bury 005,Manchester 018,16848.9121639255
Bury 005,Manchester 054,14619.2476340298
Bury 005,Tameside 013,19423.9616502723
Bury 005,Manchester 053,27756.6589147933
Bury 005,Manchester 055,15598.943350018
Bury 005,Stockport 014,24330.4211181282
Bury 005,Trafford 002,15937.9937334126
Bury 007,Manchester 060,14181.9374546947
Bury 007,Salford 028,14356.3460388152
Bury 007,Manchester 018,15288.3585419321
Bury 007,Manchester 054,13145.4844980214
Bury 007,Tameside 013,16968.8918182837
Bury 007,Manchester 053,26937.0344604739
Bury 007,Manchester 055,14113.7270870851
Bury 007,Stockport 014,22513.0860698142
Bury 007,Trafford 002,15795.7499746296
Bury 008,Manchester 060,13449.5048444014
Bury 008,Salford 028,13421.1614784322
Bury 008,Manchester 018,14764.6291987149
Bury 008,Manchester 054,12558.8210322726
Bury 008,Tameside 013,17171.5768574546
Bury 008,Manchester 053,26020.9056479636
Bury 008,Manchester 055,13537.8948206036
Bury 008,Stockport 014,22176.389308129
Bury 008,Trafford 002,14564.6262591593
Bury 009,Manchester 060,13638.3040548573
Bury 009,Salford 028,13346.7471987564
Bury 009,Manchester 018,15180.0395708644
Bury 009,Manchester 054,12934.4260999452
Bury 009,Tameside 013,18260.6365474909
Bury 009,Manchester 053,25877.6917140109
Bury 009,Manchester 055,13910.7473343739
Bury 009,Stockport 014,22734.0134130316
Bury 009,Trafford 002,14026.0170117058
Bury 011,Manchester 060,12690.1280587876
Bury 011,Salford 028,12535.092417541
Bury 011,Manchester 018,14134.0455087007
Bury 011,Manchester 054,11900.7804072452
Bury 011,Tameside 013,17029.0872907554
Bury 011,Manchester 053,25118.5955611305
Bury 011,Manchester 055,12880.2173163416
Bury 011,Stockport 014,21640.6014007113
Bury 011,Trafford 002,13510.4954548201
Bury 013,Manchester 060,11193.3653985921
Bury 013,Salford 028,11218.7922654904
Bury 013,Manchester 018,12514.2415248091
Bury 013,Manchester 054,10302.3592039721
Bury 013,Tameside 013,15276.8056826172
Bury 013,Manchester 053,23817.7014515207
Bury 013,Manchester 055,11281.8342987978
Bury 013,Stockport 014,19961.8364413882
Bury 013,Trafford 002,12593.2482288343
Bury 014,Manchester 060,12135.869105946
Bury 014,Salford 028,11575.8215238733
Bury 014,Manchester 018,13912.8933600351
Bury 014,Manchester 054,11664.2789198946
Bury 014,Tameside 013,17903.8181151437
Bury 014,Manchester 053,23953.1291908577
Bury 014,Manchester 055,12615.7780924858
Bury 014,Stockport 014,21556.2704281832
Bury 014,Trafford 002,11869.2759191557
Bury 015,Manchester 060,10945.4104161765
Bury 015,Salford 028,10571.5676158272
Bury 015,Manchester 018,12607.5032677779
Bury 015,Manchester 054,10354.0406068501
Bury 015,Tameside 013,16387.7787916208
Bury 015,Manchester 053,23090.6713322736
Bury 015,Manchester 055,11319.4599967166
Bury 015,Stockport 014,20225.9159455084
Bury 015,Trafford 002,11305.3835644691
Bury 016,Manchester 060,10993.9111331271
Bury 016,Salford 028,10334.1231954104
Bury 016,Manchester 018,12861.3226303235
Bury 016,Manchester 054,10627.6709706181
Bury 016,Tameside 013,17265.2855223365
Bury 016,Manchester 053,22653.6006776028
Bury 016,Manchester 055,11560.3266528589
Bury 016,Stockport 014,20513.3953592597
Bury 016,Trafford 002,10542.5777919113
Bury 017,Manchester 060,9726.47218257005
Bury 017,Salford 028,9944.8402813094
Bury 017,Manchester 018,10917.3225461879
Bury 017,Manchester 054,8734.10877297108
Bury 017,Tameside 013,13616.0537815463
Bury 017,Manchester 053,22498.1786417159
Bury 017,Manchester 055,9709.58533473403
Bury 017,Stockport 014,18305.7962741503
Bury 017,Trafford 002,11725.6304443791
Bury 018,Manchester 060,10373.8467288881
Bury 018,Salford 028,9585.54724988734
Bury 018,Manchester 018,12335.8602432082
Bury 018,Manchester 054,10129.7339890193
Bury 018,Tameside 013,17111.9586104911
Bury 018,Manchester 053,21798.7640469111
Bury 018,Manchester 055,11036.5838300691
Bury 018,Stockport 014,19977.5400272759
Bury 018,Trafford 002,9613.04114883884
Bury 019,Manchester 060,8709.30367320931
Bury 019,Salford 028,8075.89610810285
Bury 019,Manchester 018,10611.5298790756
Bury 019,Manchester 054,8392.63854458423
Bury 019,Tameside 013,15402.7197828048
Bury 019,Manchester 053,20490.2700500182
Bury 019,Manchester 055,9310.70025254421
Bury 019,Stockport 014,18260.6694800717
Bury 019,Trafford 002,8622.43923405485
Bury 020,Manchester 060,8404.97335770301
Bury 020,Salford 028,8156.82548401297
Bury 020,Manchester 018,10049.5669619468
Bury 020,Manchester 054,7796.23618651435
Bury 020,Tameside 013,14187.4753766659
Bury 020,Manchester 053,20742.8445975576
Bury 020,Manchester 055,8760.16805695413
Bury 020,Stockport 014,17675.4190155147
Bury 020,Trafford 002,9385.90445368282
Bury 021,Manchester 060,8316.07303549999
Bury 021,Salford 028,8339.40458855546
Bury 021,Manchester 018,9745.93205724379
Bury 021,Manchester 054,7506.44424666137
Bury 021,Tameside 013,13364.0617394156
Bury 021,Manchester 053,20932.4602179441
Bury 021,Manchester 055,8485.18976589872
Bury 021,Stockport 014,17297.0324161185
Bury 021,Trafford 002,9981.9804413054
Bury 022,Manchester 060,7778.81801622656
Bury 022,Salford 028,8091.43616882007
Bury 022,Manchester 018,8975.89821428102
Bury 022,Manchester 054,6781.4006420676
Bury 022,Tameside 013,12186.201735477
Bury 022,Manchester 053,20593.1936877882
Bury 022,Manchester 055,7758.28347273075
Bury 022,Stockport 014,16419.3460274016
Bury 022,Trafford 002,10186.5969607089
Bury 023,Manchester 060,6356.77440741994
Bury 023,Salford 028,6434.26662859317
Bury 023,Manchester 018,7858.9563071625
Bury 023,Manchester 054,5607.62330325607
Bury 023,Tameside 013,12138.7289538193
Bury 023,Manchester 053,19005.0029471883
Bury 023,Manchester 055,6580.71737092267
Bury 023,Stockport 014,15463.7837443385
Bury 023,Trafford 002,8430.65180165312
Bury 024,Manchester 060,5997.49011276393
Bury 024,Salford 028,5877.76401836473
Bury 024,Manchester 018,7677.38363163177
Bury 024,Manchester 054,5429.18475635681
Bury 024,Tameside 013,12423.8822841359
Bury 024,Manchester 053,18475.8552420174
Bury 024,Manchester 055,6380.94580472
Bury 024,Stockport 014,15322.1037968283
Bury 024,Trafford 002,7701.96728470382
Bury 025,Manchester 060,6273.00933324502
Bury 025,Salford 028,5758.29084084
Bury 025,Manchester 018,8194.25842162237
Bury 025,Manchester 054,5996.37190628021
Bury 025,Tameside 013,13424.4503082057
Bury 025,Manchester 053,18305.6251733325
Bury 025,Manchester 055,6895.43013626196
Bury 025,Stockport 014,15836.5299758042
Bury 025,Trafford 002,6992.14870615224
Bury 026,Manchester 060,5278.43321026674
Bury 026,Salford 028,5597.66366128838
Bury 026,Manchester 018,6676.70310754334
Bury 026,Manchester 054,4429.99955376406
Bury 026,Tameside 013,11103.9931020251
Bury 026,Manchester 053,18066.0960479999
Bury 026,Manchester 055,5407.0788266421
Bury 026,Stockport 014,14269.4355167042
Bury 026,Trafford 002,8052.95371167821
Manchester 001,Manchester 060,6936.70040304022
Manchester 001,Salford 028,7902.39172916971
Manchester 001,Manchester 018,7467.90543015944
Manchester 001,Manchester 054,5543.34489985188
Manchester 001,Tameside 013,9603.15618703479
Manchester 001,Manchester 053,19825.6256325951
Manchester 001,Manchester 055,6434.13333692639
Manchester 001,Stockport 014,14484.2188085093
Manchester 001,Trafford 002,10830.9603365065
Manchester 002,Manchester 060,6170.90767312892
Manchester 002,Salford 028,7410.82486315726
Manchester 002,Manchester 018,6391.99534365631
Manchester 002,Manchester 054,4650.21679225198
Manchester 002,Tameside 013,8399.92822742814
Manchester 002,Manchester 053,18925.5177972737
Manchester 002,Manchester 055,5462.84822247121
Manchester 002,Stockport 014,13233.436046443
Manchester 002,Trafford 002,10658.0871022165
Manchester 003,Manchester 060,6886.65999212521
Manchester 003,Salford 028,8428.77370337518
Manchester 003,Manchester 018,6510.20546605871
Manchester 003,Manchester 054,5256.46907691695
Manchester 003,Tameside 013,6931.81638512141
Manchester 003,Manchester 053,19204.4890717593
Manchester 003,Manchester 055,5866.10145226936
Manchester 003,Stockport 014,12611.3399099048
Manchester 003,Trafford 002,11923.5076727407
Manchester 004,Manchester 060,6115.57434345366
Manchester 004,Salford 028,6695.0456863448
Manchester 004,Manchester 018,7176.77207644919
Manchester 004,Manchester 054,5007.74449384155
Manchester 004,Tameside 013,10681.5453035928
Manchester 004,Manchester 053,19016.385753344
Manchester 004,Manchester 055,5978.43039576854
Manchester 004,Stockport 014,14605.6381898358
Manchester 004,Trafford 002,9294.39760432988
Manchester 005,Manchester 060,6836.11124085981
Manchester 005,Salford 028,8594.05626364078
Manchester 005,Manchester 018,5991.18710394469
Manchester 005,Manchester 054,5208.33144659736
Manchester 005,Tameside 013,5570.13789698595
Manchester 005,Manchester 053,18612.08549849
Manchester 005,Manchester 055,5609.61700836522
Manchester 005,Stockport 014,11478.2489070421
Manchester 005,Trafford 002,12276.8320109431
Manchester 006,Manchester 060,4999.79189658846
Manchester 006,Salford 028,6325.12126550297
Manchester 006,Manchester 018,5248.74660601344
Manchester 006,Manchester 054,3465.73558329536
Manchester 006,Tameside 013,8141.68023132592
Manchester 006,Manchester 053,17742.6641722349
Manchester 006,Manchester 055,4283.55262577883
Manchester 006,Stockport 014,12284.8484918906
Manchester 006,Trafford 002,9714.59906902646
Manchester 007,Manchester 060,5690.21727082819
Manchester 007,Salford 028,7340.14245102055
Manchester 007,Manchester 018,5219.74806942729
Manchester 007,Manchester 054,4050.76904484707
Manchester 007,Tameside 013,6571.4377852702
Manchester 007,Manchester 053,17914.0393084421
Manchester 007,Manchester 055,4602.15984686692
Manchester 007,Stockport 014,11508.6330327254
Manchester 007,Trafford 002,10958.4247414758
Manchester 008,Manchester 060,4078.0533679382
Manchester 008,Salford 028,5199.90031165298
Manchester 008,Manchester 018,4808.49048046324
Manchester 008,Manchester 054,2722.7921929732
Manchester 008,Tameside 013,8925.37683633671
Manchester 008,Manchester 053,16971.4751451096
Manchester 008,Manchester 055,3660.4159830887
Manchester 008,Stockport 014,12217.8365566418
Manchester 008,Trafford 002,8508.84405958804
Manchester 009,Manchester 060,4316.34520033241
Manchester 009,Salford 028,5991.79258045715
Manchester 009,Manchester 018,4021.14379049699
Manchester 009,Manchester 054,2677.16219011947
Manchester 009,Tameside 013,7035.7721556994
Manchester 009,Manchester 053,16676.311061112
Manchester 009,Manchester 055,3270.10110445555
Manchester 009,Stockport 014,10843.4312679845
Manchester 009,Trafford 002,9667.04152382734
Manchester 011,Manchester 060,4996.94765978278
Manchester 011,Salford 028,6918.61214624928
Manchester 011,Manchester 018,3855.29213479757
Manchester 011,Manchester 054,3463.73597041147
Manchester 011,Tameside 013,5431.05014570484
Manchester 011,Manchester 053,16454.7570138875
Manchester 011,Manchester 055,3634.91251882538
Manchester 011,Stockport 014,9692.6855545607
Manchester 011,Trafford 002,10737.2672248189
Manchester 012,Manchester 060,5218.10268015334
Manchester 012,Salford 028,7238.28434060313
Manchester 012,Manchester 018,3567.0439230278
Manchester 012,Manchester 054,3885.47293343427
Manchester 012,Tameside 013,4610.85510051696
Manchester 012,Manchester 053,15830.9251842058
Manchester 012,Manchester 055,3755.14826668142
Manchester 012,Stockport 014,8601.52753645288
Manchester 012,Trafford 002,11102.1503364848
Manchester 013,Manchester 060,2781.57230014018
Manchester 013,Salford 028,4775.64099582724
Manchester 013,Manchester 018,1874.73530656516
Manchester 013,Manchester 054,1441.6780565575
Manchester 013,Tameside 013,7023.56699726743
Manchester 013,Manchester 053,14550.6733378244
Manchester 013,Manchester 055,1377.98585977882
Manchester 013,Stockport 014,9047.36256821608
Manchester 013,Trafford 002,8635.74443193627
Manchester 015,Manchester 060,4060.31941133584
Manchester 015,Salford 028,6107.49989665292
Manchester 015,Manchester 018,2182.14180488927
Manchester 015,Manchester 054,2992.18410920825
Manchester 015,Tameside 013,5581.41898723461
Manchester 015,Manchester 053,14505.1984429233
Manchester 015,Manchester 055,2590.15169393858
Manchester 015,Stockport 014,7895.72907618934
Manchester 015,Trafford 002,9963.62631429791
Manchester 017,Manchester 060,5629.52298536866
Manchester 017,Salford 028,7649.76533177315
Manchester 017,Manchester 018,3373.72162172896
Manchester 017,Manchester 054,4796.30068606959
Manchester 017,Tameside 013,4271.64502855905
Manchester 017,Manchester 053,14340.6048777667
Manchester 017,Manchester 055,4229.21910328479
Manchester 017,Stockport 014,6505.29135169236
Manchester 017,Trafford 002,11439.838575192
Manchester 018,Manchester 060,2367.80385878808
Manchester 018,Salford 028,4315.44666802215
Manchester 018,Manchester 018,0
Manchester 018,Manchester 054,2253.46301234043
Manchester 018,Tameside 013,7561.59443707205
Manchester 018,Manchester 053,12694.6609623905
Manchester 018,Manchester 055,1301.14809158175
Manchester 018,Stockport 014,7652.07574576086
Manchester 018,Trafford 002,8068.77681637931
Manchester 019,Manchester 060,1542.22454785847
Manchester 019,Salford 028,2933.50219603533
Manchester 019,Manchester 018,1725.80366622791
Manchester 019,Manchester 054,2642.41454660217
Manchester 019,Tameside 013,9273.73071127142
Manchester 019,Manchester 053,11653.0005910931
Manchester 019,Manchester 055,1859.5527202105
Manchester 019,Stockport 014,8262.62327893671
Manchester 019,Trafford 002,6477.44083925595
Manchester 020,Manchester 060,4163.08185869848
Manchester 020,Salford 028,6097.31848211654
Manchester 020,Manchester 018,1796.38495041899
Manchester 020,Manchester 054,3757.00210017727
Manchester 020,Tameside 013,6071.21776003183
Manchester 020,Manchester 053,12894.7692617309
Manchester 020,Manchester 055,2946.60094811384
Manchester 020,Stockport 014,6317.56393248379
Manchester 020,Trafford 002,9795.71192779327
Manchester 021,Manchester 060,6397.29960043091
Manchester 021,Salford 028,8366.45153673843
Manchester 021,Manchester 018,4051.68432997773
Manchester 021,Manchester 054,5735.75039657346
Manchester 021,Tameside 013,4131.88800913195
Manchester 021,Manchester 053,13953.7298540519
Manchester 021,Manchester 055,5073.74427770699
Manchester 021,Stockport 014,5545.23903951078
Manchester 021,Trafford 002,12075.6757528598
Manchester 022,Manchester 060,3342.55865561203
Manchester 022,Salford 028,5062.28998109495
Manchester 022,Manchester 018,1279.87372260717
Manchester 022,Manchester 054,3525.12912951192
Manchester 022,Tameside 013,7495.80094429042
Manchester 022,Manchester 053,11744.7929694863
Manchester 022,Manchester 055,2556.32626830782
Manchester 022,Stockport 014,6424.15365799369
Manchester 022,Trafford 002,8592.61190126545
Manchester 023,Manchester 060,5546.38667121051
Manchester 023,Salford 028,7406.90375653025
Manchester 023,Manchester 018,3190.16434993783
Manchester 023,Manchester 054,5213.06181757417
Manchester 023,Tameside 013,5516.97053946912
Manchester 023,Manchester 053,12664.2055127912
Manchester 023,Manchester 055,4394.9326753346
Manchester 023,Stockport 014,5028.7299216294
Manchester 023,Trafford 002,10991.8174820798
Manchester 024,Manchester 060,2351.11423075082
Manchester 024,Salford 028,3183.52922100742
Manchester 024,Manchester 018,2467.42749528408
Manchester 024,Manchester 054,3608.94032312105
Manchester 024,Tameside 013,9845.3909435717
Manchester 024,Manchester 053,10686.3810649388
Manchester 024,Manchester 055,2827.00153322637
Manchester 024,Stockport 014,7925.5108961617
Manchester 024,Trafford 002,6303.97076913242
Manchester 025,Manchester 060,2844.46514031811
Manchester 025,Salford 028,4137.07649382285
Manchester 025,Manchester 018,1879.58873421226
Manchester 025,Manchester 054,3665.33054650996
Manchester 025,Tameside 013,8873.36083836134
Manchester 025,Manchester 053,10831.7492420855
Manchester 025,Manchester 055,2728.42646607852
Manchester 025,Stockport 014,6974.34218328354
Manchester 025,Trafford 002,7404.50022413426
Manchester 026,Manchester 060,3769.16852641986
Manchester 026,Salford 028,5286.31831778779
Manchester 026,Manchester 018,1988.41898822245
Manchester 026,Manchester 054,4184.18225576306
Manchester 026,Tameside 013,7919.55141670287
Manchester 026,Manchester 053,11003.3099769993
Manchester 026,Manchester 055,3204.6238305416
Manchester 026,Stockport 014,5925.45240074017
Manchester 026,Trafford 002,8614.71460130777
Manchester 027,Manchester 060,5188.14328979303
Manchester 027,Salford 028,6909.61592127364
Manchester 027,Manchester 018,2946.69494624832
Manchester 027,Manchester 054,5148.6771081599
Manchester 027,Tameside 013,6488.67203607417
Manchester 027,Manchester 053,11732.6321435897
Manchester 027,Manchester 055,4237.80930410815
Manchester 027,Stockport 014,4769.84686929942
Manchester 027,Trafford 002,10349.414997687
Manchester 028,Manchester 060,2841.98359676016
Manchester 028,Salford 028,2975.28342002054
Manchester 028,Manchester 018,3456.64695242316
Manchester 028,Manchester 054,4322.0508840505
Manchester 028,Tameside 013,10843.7199350429
Manchester 028,Manchester 053,10089.8519628846
Manchester 028,Manchester 055,3658.30721746759
Manchester 028,Stockport 014,8437.71250208714
Manchester 028,Trafford 002,5565.08344143597
Manchester 029,Manchester 060,3812.17756607714
Manchester 029,Salford 028,3230.90247252943
Manchester 029,Manchester 018,4745.57939848981
Manchester 029,Manchester 054,5402.24706554358
Manchester 029,Tameside 013,12126.7878151719
Manchester 029,Manchester 053,9386.13582187253
Manchester 029,Manchester 055,4843.81692766479
Manchester 029,Stockport 014,9184.68220551454
Manchester 029,Trafford 002,4796.29787197667
Manchester 030,Manchester 060,3464.61891059245
Manchester 030,Salford 028,4246.59036075049
Manchester 030,Manchester 018,2989.06377792968
Manchester 030,Manchester 054,4580.46493818487
Manchester 030,Tameside 013,9843.52248795651
Manchester 030,Manchester 053,9772.26674167028
Manchester 030,Manchester 055,3703.76691799542
Manchester 030,Stockport 014,6975.71778944331
Manchester 030,Trafford 002,7032.04424143857
Manchester 031,Manchester 060,5736.28110131315
Manchester 031,Salford 028,7328.64562232009
Manchester 031,Manchester 018,3615.11400187672
Manchester 031,Manchester 054,5856.06964062377
Manchester 031,Tameside 013,6952.43022370064
Manchester 031,Manchester 053,11081.7852039609
Manchester 031,Manchester 055,4916.26180273068
Manchester 031,Stockport 014,4037.71569607459
Manchester 031,Trafford 002,10600.9100080369
Manchester 032,Manchester 060,4351.34565512133
Manchester 032,Salford 028,5607.88604051679
Manchester 032,Manchester 018,2869.0891124101
Manchester 032,Manchester 054,4988.2114245766
Manchester 032,Tameside 013,8565.30194555088
Manchester 032,Manchester 053,10085.7978769511
Manchester 032,Manchester 055,4012.13912052949
Manchester 032,Stockport 014,5486.65414101137
Manchester 032,Trafford 002,8643.79001903093
Manchester 033,Manchester 060,4240.22340581984
Manchester 033,Salford 028,4051.98151627924
Manchester 033,Manchester 018,4668.0356314584
Manchester 033,Manchester 054,5723.55067561674
Manchester 033,Tameside 013,11777.5672163779
Manchester 033,Manchester 053,8716.35643949326
Manchester 033,Manchester 055,5028.27172400177
Manchester 033,Stockport 014,8285.95123337241
Manchester 033,Trafford 002,5755.96124232716
Manchester 034,Manchester 060,5720.51810863286
Manchester 034,Salford 028,7115.94895919994
Manchester 034,Manchester 018,3846.0244997322
Manchester 034,Manchester 054,6091.86602512064
Manchester 034,Tameside 013,7865.86575899707
Manchester 034,Manchester 053,10184.5935340984
Manchester 034,Manchester 055,5119.54583288469
Manchester 034,Stockport 014,3992.96529407503
Manchester 034,Trafford 002,10169.3603492882
Manchester 035,Manchester 060,4342.17361539414
Manchester 035,Salford 028,4889.93105660204
Manchester 035,Manchester 018,3878.17610716057
Manchester 035,Manchester 054,5510.0713152843
Manchester 035,Tameside 013,10415.4920701034
Manchester 035,Manchester 053,8845.89851725629
Manchester 035,Manchester 055,4635.98468398415
Manchester 035,Stockport 014,6692.68562787393
Manchester 035,Trafford 002,7265.37694138821
Manchester 036,Manchester 060,5128.69988248418
Manchester 036,Salford 028,6249.62950287186
Manchester 036,Manchester 018,3702.53519813733
Manchester 036,Manchester 054,5822.87374157974
Manchester 036,Tameside 013,8930.1088740842
Manchester 036,Manchester 053,9405.33193410417
Manchester 036,Manchester 055,4847.98297281033
Manchester 036,Stockport 014,4913.91277705202
Manchester 036,Trafford 002,9061.64173303151
Manchester 037,Manchester 060,5151.86352571011
Manchester 037,Salford 028,4573.15645749254
Manchester 037,Manchester 018,5791.0601352422
Manchester 037,Manchester 054,6706.83260740335
Manchester 037,Tameside 013,12904.248569277
Manchester 037,Manchester 053,8027.54819264407
Manchester 037,Manchester 055,6074.90853646348
Manchester 037,Stockport 014,8992.47682669149
Manchester 037,Trafford 002,5435.57827282247
Manchester 038,Manchester 060,5217.8075383585
Manchester 038,Salford 028,5866.92097997253
Manchester 038,Manchester 018,4419.73455310886
Manchester 038,Manchester 054,6263.03076287323
Manchester 038,Tameside 013,10340.5835484062
Manchester 038,Manchester 053,8305.28718960189
Manchester 038,Manchester 055,5341.87616326113
Manchester 038,Stockport 014,5856.26534597504
Manchester 038,Trafford 002,8164.17178135177
Manchester 039,Manchester 060,5232.3177156823
Manchester 039,Salford 028,5500.25901137538
Manchester 039,Manchester 018,4911.34272761088
Manchester 039,Manchester 054,6489.05393293285
Manchester 039,Tameside 013,11288.4152531299
Manchester 039,Manchester 053,7828.37331894606
Manchester 039,Manchester 055,5639.30994141107
Manchester 039,Stockport 014,6813.94679835542
Manchester 039,Trafford 002,7370.82326133784
Manchester 040,Manchester 060,5824.3077653267
Manchester 040,Salford 028,6658.51326805488
Manchester 040,Manchester 018,4684.87498802333
Manchester 040,Manchester 054,6705.39201439331
Manchester 040,Tameside 013,9927.27783267543
Manchester 040,Manchester 053,8306.12150250383
Manchester 040,Manchester 055,5747.77879261148
Manchester 040,Stockport 014,4953.57924676286
Manchester 040,Trafford 002,9069.18606373965
Manchester 041,Manchester 060,6227.75096432259
Manchester 041,Salford 028,7343.68096501666
Manchester 041,Manchester 018,4671.99913712793
Manchester 041,Manchester 054,6853.44975994084
Manchester 041,Tameside 013,9007.45315414722
Manchester 041,Manchester 053,8992.16033740469
Manchester 041,Manchester 055,5873.96681697152
Manchester 041,Stockport 014,3914.0764181788
Manchester 041,Trafford 002,10036.3620306857
Manchester 042,Manchester 060,5826.77728336751
Manchester 042,Salford 028,5829.83510530699
Manchester 042,Manchester 018,5716.0781551528
Manchester 042,Manchester 054,7176.84405616828
Manchester 042,Tameside 013,12143.4779988401
Manchester 042,Manchester 053,7119.45840016603
Manchester 042,Manchester 055,6367.35491370244
Manchester 042,Stockport 014,7325.58572478471
Manchester 042,Trafford 002,7233.34039202741
Manchester 043,Manchester 060,6666.05992779351
Manchester 043,Salford 028,7103.21019768484
Manchester 043,Manchester 018,5921.86185727914
Manchester 043,Manchester 054,7768.1990852345
Manchester 043,Tameside 013,11398.7497979175
Manchester 043,Manchester 053,6865.12267717676
Manchester 043,Manchester 055,6852.84698542845
Manchester 043,Stockport 014,5708.07884667766
Manchester 043,Trafford 002,8905.22220556867
Manchester 044,Manchester 060,7532.49048881034
Manchester 044,Salford 028,7075.37397872221
Manchester 044,Manchester 018,7742.89624039165
Manchester 044,Manchester 054,9009.64324216753
Manchester 044,Tameside 013,14215.7235786461
Manchester 044,Manchester 053,5525.64218053879
Manchester 044,Manchester 055,8275.04618924386
Manchester 044,Stockport 014,8751.99784166192
Manchester 044,Trafford 002,7399.21992451083
Manchester 045,Manchester 060,7647.25511287725
Manchester 045,Salford 028,8178.44558743056
Manchester 045,Manchester 018,6691.92406476476
Manchester 045,Manchester 054,8656.93472073182
Manchester 045,Tameside 013,11527.9863541538
Manchester 045,Manchester 053,6438.12708348444
Manchester 045,Manchester 055,7715.15477298064
Manchester 045,Stockport 014,5054.31833423974
Manchester 045,Trafford 002,9974.12415718102
Manchester 046,Manchester 060,7455.91741190603
Manchester 046,Salford 028,7449.75435929577
Manchester 046,Manchester 018,7156.82890278902
Manchester 046,Manchester 054,8761.55642491205
Manchester 046,Tameside 013,13037.899122811
Manchester 046,Manchester 053,5551.94098806479
Manchester 046,Manchester 055,7917.37542871982
Manchester 046,Stockport 014,7131.47665149051
Manchester 046,Trafford 002,8502.36871774472
Manchester 047,Manchester 060,8778.1430086751
Manchester 047,Salford 028,8016.71929705661
Manchester 047,Manchester 018,9238.59389750265
Manchester 047,Manchester 054,10327.7779435195
Manchester 047,Tameside 013,15852.2834812151
Manchester 047,Manchester 053,4947.64363655729
Manchester 047,Manchester 055,9661.85778547242
Manchester 047,Stockport 014,10231.7420608767
Manchester 047,Trafford 002,7545.51701361011
Manchester 048,Manchester 060,8683.30103643012
Manchester 048,Salford 028,8300.29495044044
Manchester 048,Manchester 018,8718.65410010171
Manchester 048,Manchester 054,10118.4632042109
Manchester 048,Tameside 013,14837.351404061
Manchester 048,Manchester 053,4301.94398795048
Manchester 048,Manchester 055,9344.59224134401
Manchester 048,Stockport 014,8726.47359531637
Manchester 048,Trafford 002,8539.93365355952
Manchester 049,Manchester 060,9236.75290631328
Manchester 049,Salford 028,9229.40554028448
Manchester 049,Manchester 018,8801.87475439486
Manchester 049,Manchester 054,10506.2599438615
Manchester 049,Tameside 013,14150.2198038478
Manchester 049,Manchester 053,3926.66319946708
Manchester 049,Manchester 055,9638.01038741921
Manchester 049,Stockport 014,7323.54448277243
Manchester 049,Trafford 002,10023.4363408715
Manchester 050,Manchester 060,10156.6341334581
Manchester 050,Salford 028,9999.24943883571
Manchester 050,Manchester 018,9843.74860381055
Manchester 050,Manchester 054,11481.3448907372
Manchester 050,Tameside 013,15248.1984451872
Manchester 050,Manchester 053,2852.66636906265
Manchester 050,Manchester 055,10635.5644217278
Manchester 050,Stockport 014,8253.28153997162
Manchester 050,Trafford 002,10436.4649737732
Manchester 051,Manchester 060,10305.0818379054
Manchester 051,Salford 028,9866.84874986472
Manchester 051,Manchester 018,10309.4354156523
Manchester 051,Manchester 054,11741.4981439595
Manchester 051,Tameside 013,16192.5669812488
Manchester 051,Manchester 053,2762.9263168091
Manchester 051,Manchester 055,10962.3103107782
Manchester 051,Stockport 014,9535.96843120501
Manchester 051,Trafford 002,9787.74275735491
Manchester 052,Manchester 060,11654.983496917
Manchester 052,Salford 028,11682.7507529474
Manchester 052,Manchester 018,11062.0085686954
Manchester 052,Manchester 054,12872.3808361227
Manchester 052,Tameside 013,15731.515808524
Manchester 052,Manchester 053,2374.85403315644
Manchester 052,Manchester 055,11977.5149606423
Manchester 052,Stockport 014,8055.55134494943
Manchester 052,Trafford 002,12300.6756150214
Manchester 053,Manchester 060,12925.2858402843
Manchester 053,Salford 028,12600.6789562618
Manchester 053,Manchester 018,12694.6609623906
Manchester 053,Manchester 054,14294.7279927695
Manchester 053,Tameside 013,17914.6115039204
Manchester 053,Manchester 053,0
Manchester 053,Manchester 055,13465.960216802
Manchester 053,Stockport 014,10416.25292463
Manchester 053,Trafford 002,12493.0278901713
Oldham 001,Manchester 060,15524.5864179237
Oldham 001,Salford 028,16977.2364107087
Oldham 001,Manchester 018,14958.8520803763
Oldham 001,Manchester 054,13896.0976643439
Oldham 001,Tameside 013,11376.501931519
Oldham 001,Manchester 053,27554.2566971294
Oldham 001,Manchester 055,14472.5147927011
Oldham 001,Stockport 014,19485.9948671987
Oldham 001,Trafford 002,20217.9780081446
Oldham 003,Manchester 060,16590.6198835059
Oldham 003,Salford 028,18198.0336059187
Oldham 003,Manchester 018,15732.6792064358
Oldham 003,Manchester 054,14950.9390343903
Oldham 003,Tameside 013,11080.7543036095
Oldham 003,Manchester 053,28097.9230985541
Oldham 003,Manchester 055,15414.5722531313
Oldham 003,Stockport 014,19439.5430681149
Oldham 003,Trafford 002,21622.3007802045
Oldham 004,Manchester 060,13552.3975220652
Oldham 004,Salford 028,14927.3282262846
Oldham 004,Manchester 018,13157.6693784644
Oldham 004,Manchester 054,11940.3622623374
Oldham 004,Tameside 013,10496.1396569592
Oldham 004,Manchester 053,25829.3557015443
Oldham 004,Manchester 055,12574.4579620813
Oldham 004,Stockport 014,18238.0505530327
Oldham 004,Trafford 002,18097.4672650752
Oldham 005,Manchester 060,14041.3406709894
Oldham 005,Salford 028,15597.3016845778
Oldham 005,Manchester 018,13322.7909966794
Oldham 005,Manchester 054,12402.8455675554
Oldham 005,Tameside 013,9542.05973290793
Oldham 005,Manchester 053,25846.151143913
Oldham 005,Manchester 055,12916.7455947625
Oldham 005,Stockport 014,17653.1342010308
Oldham 005,Trafford 002,18981.9060922969
Oldham 007,Manchester 060,15469.1812086338
Oldham 007,Salford 028,17181.5740723813
Oldham 007,Manchester 018,14422.042930644
Oldham 007,Manchester 054,13838.698855614
Oldham 007,Tameside 013,9337.31621021161
Oldham 007,Manchester 053,26602.9909361494
Oldham 007,Manchester 055,14216.8108950134
Oldham 007,Stockport 014,17732.5448476632
Oldham 007,Trafford 002,20738.856958407
Oldham 008,Manchester 060,12423.2501933896
Oldham 008,Salford 028,13910.6291212093
Oldham 008,Manchester 018,11867.3238131158
Oldham 008,Manchester 054,10792.2183816861
Oldham 008,Tameside 013,9002.57757198333
Oldham 008,Manchester 053,24496.628721149
Oldham 008,Manchester 055,11364.6066895349
Oldham 008,Stockport 014,16750.4096653667
Oldham 008,Trafford 002,17234.4984050478
Oldham 009,Manchester 060,13312.2077064739
Oldham 009,Salford 028,14945.0364424499
Oldham 009,Manchester 018,12464.1629565275
Oldham 009,Manchester 054,11672.9372573573
Oldham 009,Tameside 013,8437.44064617532
Oldham 009,Manchester 053,24905.6446160554
Oldham 009,Manchester 055,12130.8813171452
Oldham 009,Stockport 014,16580.2109947448
Oldham 009,Trafford 002,18427.0424235736
Oldham 010,Manchester 060,11091.7980590172
Oldham 010,Salford 028,12541.5210129466
Oldham 010,Manchester 018,10644.1924326787
Oldham 010,Manchester 054,9468.45784206416
Oldham 010,Tameside 013,8541.84500659226
Oldham 010,Manchester 053,23316.9937953114
Oldham 010,Manchester 055,10076.8990192692
Oldham 010,Stockport 014,15910.8486660219
Oldham 010,Trafford 002,15844.1192799817
Oldham 011,Manchester 060,13691.6855870775
Oldham 011,Salford 028,15432.8246001405
Oldham 011,Manchester 018,12613.7627585625
Oldham 011,Manchester 054,12066.2134943279
Oldham 011,Tameside 013,7750.11265063357
Oldham 011,Manchester 053,24814.6355587242
Oldham 011,Manchester 055,12423.3459112958
Oldham 011,Stockport 014,16081.2524447661
Oldham 011,Trafford 002,19033.5673584728
Oldham 012,Manchester 060,14147.5661325016
Oldham 012,Salford 028,15946.3036558519
Oldham 012,Manchester 018,12933.3694498169
Oldham 012,Manchester 054,12539.3057810557
Oldham 012,Tameside 013,7531.78149983108
Oldham 012,Manchester 053,24933.9005303431
Oldham 012,Manchester 055,12833.2809575598
Oldham 012,Stockport 014,15937.7784686369
Oldham 012,Trafford 002,19607.1477042331
Oldham 014,Manchester 060,12355.5939455095
Oldham 014,Salford 028,14084.8731098765
Oldham 014,Manchester 018,11331.5462839826
Oldham 014,Manchester 054,10726.9032155869
Oldham 014,Tameside 013,6988.92721000269
Oldham 014,Manchester 053,23639.3241765106
Oldham 014,Manchester 055,11102.4236461888
Oldham 014,Stockport 014,15158.2867687038
Oldham 014,Trafford 002,17682.1503379945
Oldham 015,Manchester 060,9193.90241461875
Oldham 015,Salford 028,10725.4852945893
Oldham 015,Manchester 018,8679.77108337317
Oldham 015,Manchester 054,7560.56290746541
Oldham 015,Tameside 013,7241.30290672289
Oldham 015,Manchester 053,21352.4759172812
Oldham 015,Manchester 055,8134.62429240778
Oldham 015,Stockport 014,14126.8448746531
Oldham 015,Trafford 002,14154.7028554669
Oldham 016,Manchester 060,11488.9553367733
Oldham 016,Salford 028,13149.6873633684
Oldham 016,Manchester 018,10631.9671424502
Oldham 016,Manchester 054,9850.78977153726
Oldham 016,Tameside 013,7126.23921813589
Oldham 016,Manchester 053,23110.7205207172
Oldham 016,Manchester 055,10296.4596067281
Oldham 016,Stockport 014,15008.3137418982
Oldham 016,Trafford 002,16681.2377661714
Oldham 017,Manchester 060,10420.3726852385
Oldham 017,Salford 028,12033.3523016191
Oldham 017,Manchester 018,9695.20637656709
Oldham 017,Manchester 054,8780.61156650072
Oldham 017,Tameside 013,7039.63210067061
Oldham 017,Manchester 053,22277.9313269757
Oldham 017,Manchester 055,9276.46105457481
Oldham 017,Stockport 014,14538.3283496768
Oldham 017,Trafford 002,15527.0669343305
Oldham 019,Manchester 060,13146.1044040242
Oldham 019,Salford 028,14987.7540935394
Oldham 019,Manchester 018,11846.3462979437
Oldham 019,Manchester 054,11556.0587634726
Oldham 019,Tameside 013,6363.11530681166
Oldham 019,Manchester 053,23764.8161492509
Oldham 019,Manchester 055,11801.8429615123
Oldham 019,Stockport 014,14759.884692346
Oldham 019,Trafford 002,18697.8552741501
Oldham 022,Manchester 060,12182.0350657624
Oldham 022,Salford 028,14028.1893550445
Oldham 022,Manchester 018,10889.365543716
Oldham 022,Manchester 054,10593.8137348195
Oldham 022,Tameside 013,5681.4804243085
Oldham 022,Manchester 053,22872.8467601225
Oldham 022,Manchester 055,10837.1417201246
Oldham 022,Stockport 014,14012.4787144605
Oldham 022,Trafford 002,17746.9584488294
Oldham 024,Manchester 060,11278.927862665
Oldham 024,Salford 028,13088.1882254349
Oldham 024,Manchester 018,10098.7374819968
Oldham 024,Manchester 054,9672.9769243263
Oldham 024,Tameside 013,5598.27812845997
Oldham 024,Manchester 053,22280.6782168265
Oldham 024,Manchester 055,9966.69585358631
Oldham 024,Stockport 014,13727.8652433595
Oldham 024,Trafford 002,16775.3841910046
Oldham 026,Manchester 060,13143.9414605345
Oldham 026,Salford 028,15073.3689230194
Oldham 026,Manchester 018,11606.9227384886
Oldham 026,Manchester 054,11617.1570240622
Oldham 026,Tameside 013,5318.90100360307
Oldham 026,Manchester 053,23084.8208328498
Oldham 026,Manchester 055,11734.2913676797
Oldham 026,Stockport 014,13730.2631575574
Oldham 026,Trafford 002,18867.8778215636
Oldham 027,Manchester 060,9358.9103448517
Oldham 027,Salford 028,11143.6891706823
Oldham 027,Manchester 018,8300.76382125354
Oldham 027,Manchester 054,7742.28864253863
Oldham 027,Tameside 013,5207.65355396876
Oldham 027,Manchester 053,20698.8765193473
Oldham 027,Manchester 055,8078.36453922844
Oldham 027,Stockport 014,12678.9175196618
Oldham 027,Trafford 002,14821.5537533064
Oldham 028,Manchester 060,8530.66947498791
Oldham 028,Salford 028,10242.3713438471
Oldham 028,Manchester 018,7682.23911123522
Oldham 028,Manchester 054,6896.23050550766
Oldham 028,Tameside 013,5768.59520326673
Oldham 028,Manchester 053,20249.4423648642
Oldham 028,Manchester 055,7322.10011452746
Oldham 028,Stockport 014,12689.2865500216
Oldham 028,Trafford 002,13860.9357577644
Oldham 029,Manchester 060,10947.0003618208
Oldham 029,Salford 028,12860.4889175819
Oldham 029,Manchester 018,9496.78028072747
Oldham 029,Manchester 054,9404.99793972437
Oldham 029,Tameside 013,4159.16718453509
Oldham 029,Manchester 053,21318.2005861007
Oldham 029,Manchester 055,9553.47492518565
Oldham 029,Stockport 014,12434.4895119791
Oldham 029,Trafford 002,16646.4261262009
Oldham 030,Manchester 060,9494.12521014888
Oldham 030,Salford 028,11397.4955942125
Oldham 030,Manchester 018,8113.10849353448
Oldham 030,Manchester 054,7942.95588152405
Oldham 030,Tameside 013,3864.50982122024
Oldham 030,Manchester 053,20158.9580940306
Oldham 030,Manchester 055,8113.20482426463
Oldham 030,Stockport 014,11672.865566504
Oldham 030,Trafford 002,15179.9538413595
Oldham 031,Manchester 060,8585.0207594472
Oldham 031,Salford 028,10455.2373723827
Oldham 031,Manchester 018,7334.96293903856
Oldham 031,Manchester 054,7008.47160213491
Oldham 031,Tameside 013,4249.6893253178
Oldham 031,Manchester 053,19603.5355039882
Oldham 031,Manchester 055,7236.39067229284
Oldham 031,Stockport 014,11510.2876567078
Oldham 031,Trafford 002,14214.5618054361
Oldham 032,Manchester 060,6921.06059229541
Oldham 032,Salford 028,8797.25968025969
Oldham 032,Manchester 018,5744.81720180064
Oldham 032,Manchester 054,5346.98915947831
Oldham 032,Tameside 013,4603.84387944405
Oldham 032,Manchester 053,18193.1716969329
Oldham 032,Manchester 055,5580.19877579291
Oldham 032,Stockport 014,10668.1209535082
Oldham 032,Trafford 002,12572.2809667521
Oldham 033,Manchester 060,8646.34404924587
Oldham 033,Salford 028,10624.1735698788
Oldham 033,Manchester 018,7037.39232196279
Oldham 033,Manchester 054,7184.92369988584
Oldham 033,Tameside 013,2749.6890866999
Oldham 033,Manchester 053,18829.4099269363
Oldham 033,Manchester 055,7208.87034302511
Oldham 033,Stockport 014,10264.0122230181
Oldham 033,Trafford 002,14464.7329095526
Oldham 034,Manchester 060,6747.33977264294
Oldham 034,Salford 028,8711.20486353117
Oldham 034,Manchester 018,5276.85336410232
Oldham 034,Manchester 054,5267.23460907735
Oldham 034,Tameside 013,3859.88603150392
Oldham 034,Manchester 053,17491.9789954529
Oldham 034,Manchester 055,5327.21866766311
Oldham 034,Stockport 014,9719.61590704917
Oldham 034,Trafford 002,12547.1122825954
Rochdale 006,Manchester 060,17852.7026383727
Rochdale 006,Salford 028,18319.8943908554
Rochdale 006,Manchester 018,18586.2791944928
Rochdale 006,Manchester 054,16609.3784921852
Rochdale 006,Tameside 013,18676.5061127796
Rochdale 006,Manchester 053,30762.976816991
Rochdale 006,Manchester 055,17532.3190933445
Rochdale 006,Stockport 014,25304.8912874921
Rochdale 006,Trafford 002,20102.3436536728
Rochdale 007,Manchester 060,16776.8404210861
Rochdale 007,Salford 028,17461.2468586173
Rochdale 007,Manchester 018,17274.8839574443
Rochdale 007,Manchester 054,15422.2588882426
Rochdale 007,Tameside 013,16764.4395487557
Rochdale 007,Manchester 053,29694.4462581149
Rochdale 007,Manchester 055,16303.5197031196
Rochdale 007,Stockport 014,23693.7965010717
Rochdale 007,Trafford 002,19608.1800515888
Rochdale 009,Manchester 060,16756.5445941387
Rochdale 009,Salford 028,17629.7730924811
Rochdale 009,Manchester 018,17019.3571170032
Rochdale 009,Manchester 054,15311.2889658107
Rochdale 009,Tameside 013,15792.8918487662
Rochdale 009,Manchester 053,29601.9198291512
Rochdale 009,Manchester 055,16141.1363714957
Rochdale 009,Stockport 014,23072.4367181227
Rochdale 009,Trafford 002,20057.8493396439
Rochdale 010,Manchester 060,16505.8828259295
Rochdale 010,Salford 028,17500.8184559082
Rochdale 010,Manchester 018,16612.0586806946
Rochdale 010,Manchester 054,15009.4376835118
Rochdale 010,Tameside 013,14942.1847401468
Rochdale 010,Manchester 053,29262.2407840088
Rochdale 010,Manchester 055,15799.9391675188
Rochdale 010,Stockport 014,22411.551236738
Rochdale 010,Trafford 002,20109.4681159729
Rochdale 011,Manchester 060,15360.5217120688
Rochdale 011,Salford 028,16164.7268723133
Rochdale 011,Manchester 018,15737.3914618663
Rochdale 011,Manchester 054,13953.5598019225
Rochdale 011,Tameside 013,15058.9298177217
Rochdale 011,Manchester 053,28247.0408937139
Rochdale 011,Manchester 055,14809.4415354813
Rochdale 011,Stockport 014,22032.1194079647
Rochdale 011,Trafford 002,18525.3810572836
Rochdale 012,Manchester 060,16794.394129065
Rochdale 012,Salford 028,17980.7302467746
Rochdale 012,Manchester 018,16625.5750418606
Rochdale 012,Manchester 054,15227.8722387431
Rochdale 012,Tameside 013,14073.163886583
Rochdale 012,Manchester 053,29320.1280937763
Rochdale 012,Manchester 055,15940.2305863908
Rochdale 012,Stockport 014,21896.7130739069
Rochdale 012,Trafford 002,20852.0932118165
Rochdale 013,Manchester 060,17011.6980260905
Rochdale 013,Salford 028,18305.658264933
Rochdale 013,Manchester 018,16677.1501368318
Rochdale 013,Manchester 054,15414.0689191731
Rochdale 013,Tameside 013,13585.1746281786
Rochdale 013,Manchester 053,29350.5537883294
Rochdale 013,Manchester 055,16073.836597507
Rochdale 013,Stockport 014,21593.7820587529
Rochdale 013,Trafford 002,21320.4692626113
Rochdale 015,Manchester 060,15853.1314579181
Rochdale 015,Salford 028,16945.078053012
Rochdale 015,Manchester 018,15837.131094878
Rochdale 015,Manchester 054,14321.1145373824
Rochdale 015,Tameside 013,13892.3094670615
Rochdale 015,Manchester 053,28517.8003310831
Rochdale 015,Manchester 055,15077.8597763549
Rochdale 015,Stockport 014,21455.7541673568
Rochdale 015,Trafford 002,19702.3213193722
Rochdale 016,Manchester 060,14826.3549865613
Rochdale 016,Salford 028,16069.0839853608
Rochdale 016,Manchester 018,14610.5065114081
Rochdale 016,Manchester 054,13246.5155275522
Rochdale 016,Tameside 013,12231.8405484194
Rochdale 016,Manchester 053,27304.3166033426
Rochdale 016,Manchester 055,13942.2721836579
Rochdale 016,Stockport 014,19927.2948116708
Rochdale 016,Trafford 002,19048.450362683
Rochdale 017,Manchester 060,13491.178297162
Rochdale 017,Salford 028,14539.4814223327
Rochdale 017,Manchester 018,13589.1185578513
Rochdale 017,Manchester 054,11984.4459653118
Rochdale 017,Tameside 013,12420.7924145814
Rochdale 017,Manchester 053,26233.6088462067
Rochdale 017,Manchester 055,12771.2917845948
Rochdale 017,Stockport 014,19554.7915108587
Rochdale 017,Trafford 002,17289.0491143406
Rochdale 018,Manchester 060,13017.424324705
Rochdale 018,Salford 028,13639.4235730093
Rochdale 018,Manchester 018,13669.877971018
Rochdale 018,Manchester 054,11721.5030961406
Rochdale 018,Tameside 013,14208.980852356
Rochdale 018,Manchester 053,25942.6716573269
Rochdale 018,Manchester 055,12632.2747540438
Rochdale 018,Stockport 014,20438.9297624045
Rochdale 018,Trafford 002,15812.0580595103
Rochdale 019,Manchester 060,12486.3171767275
Rochdale 019,Salford 028,12832.9946204992
Rochdale 019,Manchester 018,13457.0196065825
Rochdale 019,Manchester 054,11359.8474857869
Rochdale 019,Tameside 013,15004.3305771868
Rochdale 019,Manchester 053,25341.8985262481
Rochdale 019,Manchester 055,12316.0891922395
Rochdale 019,Stockport 014,20591.0634301318
Rochdale 019,Trafford 002,14623.303412136
Rochdale 020,Manchester 060,12324.2220950113
Rochdale 020,Salford 028,13069.4046788065
Rochdale 020,Manchester 018,12849.8779204277
Rochdale 020,Manchester 054,10967.8135658817
Rochdale 020,Tameside 013,13170.0132330292
Rochdale 020,Manchester 053,25238.8213675129
Rochdale 020,Manchester 055,11855.1410997732
Rochdale 020,Stockport 014,19494.557954322
Rochdale 020,Trafford 002,15443.5508854359
Rochdale 021,Manchester 060,11262.3592724681
Rochdale 021,Salford 028,12407.8613119761
Rochdale 021,Manchester 018,11291.5307256222
Rochdale 021,Manchester 054,9728.21755108136
Rochdale 021,Tameside 013,10496.6536980451
Rochdale 021,Manchester 053,23948.4538715285
Rochdale 021,Manchester 055,10493.9182883168
Rochdale 021,Stockport 014,17327.4247872956
Rochdale 021,Trafford 002,15343.9057317823
Rochdale 022,Manchester 060,9667.91678250233
Rochdale 022,Salford 028,10466.0053341038
Rochdale 022,Manchester 018,10230.9601440703
Rochdale 022,Manchester 054,8314.00558670327
Rochdale 022,Tameside 013,11353.9652194329
Rochdale 022,Manchester 053,22580.9046463762
Rochdale 022,Manchester 055,9209.55231763677
Rochdale 022,Stockport 014,17069.8984318262
Rochdale 022,Trafford 002,13032.1970964007
Rochdale 023,Manchester 060,9646.69192823768
Rochdale 023,Salford 028,10960.9974603244
Rochdale 023,Manchester 018,9486.69912826142
Rochdale 023,Manchester 054,8061.61212302064
Rochdale 023,Tameside 013,8767.29366635093
Rochdale 023,Manchester 053,22174.1154364638
Rochdale 023,Manchester 055,8765.77146700555
Rochdale 023,Stockport 014,15417.3742240701
Rochdale 023,Trafford 002,14144.039024571
Rochdale 024,Manchester 060,8425.93523576636
Rochdale 024,Salford 028,9442.35470835784
Rochdale 024,Manchester 018,8776.00809622784
Rochdale 024,Manchester 054,6975.35836460428
Rochdale 024,Tameside 013,9841.04840156558
Rochdale 024,Manchester 053,21269.7089945529
Rochdale 024,Manchester 055,7824.35287394828
Rochdale 024,Stockport 014,15484.590309365
Rochdale 024,Trafford 002,12336.3845729778
Rochdale 025,Manchester 060,7984.25697345085
Rochdale 025,Salford 028,9302.6662339643
Rochdale 025,Manchester 018,7916.10317522057
Rochdale 025,Manchester 054,6407.94971629623
Rochdale 025,Tameside 013,8245.9076472968
Rochdale 025,Manchester 053,20578.0173751215
Rochdale 025,Manchester 055,7136.78676491471
Rochdale 025,Stockport 014,14198.2747095636
Rochdale 025,Trafford 002,12544.332053126
Salford 003,Manchester 060,10578.50435582
Salford 003,Salford 028,9077.32313578184
Salford 003,Manchester 018,12884.9745677801
Salford 003,Manchester 054,10983.3851016314
Salford 003,Tameside 013,19036.6075017761
Salford 003,Manchester 053,19894.645628832
Salford 003,Manchester 055,11687.9530535122
Salford 003,Stockport 014,20158.0665028704
Salford 003,Trafford 002,7420.7143124404
Salford 005,Manchester 060,8001.69502087418
Salford 005,Salford 028,6863.46114596402
Salford 005,Manchester 018,10191.271221099
Salford 005,Manchester 054,8141.88739551423
Salford 005,Tameside 013,15979.2956540195
Salford 005,Manchester 053,18798.9082627303
Salford 005,Manchester 055,8934.64189496816
Salford 005,Stockport 014,17694.8679825905
Salford 005,Trafford 002,6557.15260248229
Salford 006,Manchester 060,7946.4379547838
Salford 006,Salford 028,6625.57790560216
Salford 006,Manchester 018,10209.7281517022
Salford 006,Manchester 054,8253.6743072001
Salford 006,Tameside 013,16294.8133033746
Salford 006,Manchester 053,18270.017630645
Salford 006,Manchester 055,8987.1554234399
Salford 006,Stockport 014,17606.0481049647
Salford 006,Trafford 002,5910.57223270234
Salford 008,Manchester 060,5670.2662622385
Salford 008,Salford 028,4764.90720031784
Salford 008,Manchester 018,7817.84895394318
Salford 008,Manchester 054,5761.73074706408
Salford 008,Tameside 013,13731.0171798036
Salford 008,Manchester 053,17152.1210186997
Salford 008,Manchester 055,6555.25582352511
Salford 008,Stockport 014,15359.9160260591
Salford 008,Trafford 002,5604.78389480169
Salford 009,Manchester 060,7942.84845659939
Salford 009,Salford 028,6430.21374308304
Salford 009,Manchester 018,10266.313101504
Salford 009,Manchester 054,8433.17524212186
Salford 009,Tameside 013,16653.1980072046
Salford 009,Manchester 053,17663.2073759498
Salford 009,Manchester 055,9092.91408882929
Salford 009,Stockport 014,17506.7619170921
Salford 009,Trafford 002,5208.8644756523
Salford 010,Manchester 060,4030.3143345402
Salford 010,Salford 028,4513.90287831195
Salford 010,Manchester 018,5460.94545900974
Salford 010,Manchester 054,3207.71900096397
Salford 010,Tameside 013,10430.114044449
Salford 010,Manchester 053,16866.0997816032
Salford 010,Manchester 055,4177.96960964015
Salford 010,Stockport 014,13085.8804683923
Salford 010,Trafford 002,7358.25586169179
Salford 011,Manchester 060,4181.64182388055
Salford 011,Salford 028,4023.99143015657
Salford 011,Manchester 018,6053.05537543817
Salford 011,Manchester 054,3867.55723518698
Salford 011,Tameside 013,11644.2590292467
Salford 011,Manchester 053,16610.2080504415
Salford 011,Manchester 055,4754.96032587059
Salford 011,Stockport 014,13695.2858997882
Salford 011,Trafford 002,6302.17305478068
Salford 012,Manchester 060,6356.61683487384
Salford 012,Salford 028,4861.64162073993
Salford 012,Manchester 018,8687.4105822834
Salford 012,Manchester 054,6902.38467671194
Salford 012,Tameside 013,15212.5068994359
Salford 012,Manchester 053,16460.133622852
Salford 012,Manchester 055,7529.11379614475
Salford 012,Stockport 014,15923.3641066081
Salford 012,Trafford 002,4235.70059639804
Salford 014,Manchester 060,8478.28825779968
Salford 014,Salford 028,6635.77194520375
Salford 014,Manchester 018,10845.1504164563
Salford 014,Manchester 054,9321.56981070643
Salford 014,Tameside 013,17752.1576354634
Salford 014,Manchester 053,16531.4662570812
Salford 014,Manchester 055,9810.13048539093
Salford 014,Stockport 014,17616.6575980696
Salford 014,Trafford 002,4139.83254643733
Salford 015,Manchester 060,5426.88887409668
Salford 015,Salford 028,4007.57386384726
Salford 015,Manchester 018,7750.86253673161
Salford 015,Manchester 054,5967.68000023411
Salford 015,Tameside 013,14304.6981148917
Salford 015,Manchester 053,15928.686306056
Salford 015,Manchester 055,6589.22397561319
Salford 015,Stockport 014,15025.6638483351
Salford 015,Trafford 002,4044.5908872442
Salford 016,Manchester 060,2951.54645081862
Salford 016,Salford 028,3473.08797751654
Salford 016,Manchester 018,4580.55122853709
Salford 016,Manchester 054,2359.66351915172
Salford 016,Tameside 013,10252.8357073835
Salford 016,Manchester 053,15763.5965521418
Salford 016,Manchester 055,3279.56529927526
Salford 016,Stockport 014,12232.6196601993
Salford 016,Trafford 002,6595.70176804657
Salford 017,Manchester 060,3330.83101262022
Salford 017,Salford 028,2674.74334033823
Salford 017,Manchester 018,5523.3512260663
Salford 017,Manchester 054,3596.79560155805
Salford 017,Tameside 013,11911.3556211546
Salford 017,Manchester 053,15271.9116570595
Salford 017,Manchester 055,4294.07572426074
Salford 017,Stockport 014,13023.1006802375
Salford 017,Trafford 002,4968.77645212183
Salford 018,Manchester 060,4511.6836779082
Salford 018,Salford 028,3148.43674081743
Salford 018,Manchester 018,6838.74074660646
Salford 018,Manchester 054,5094.50087716489
Salford 018,Tameside 013,13481.2993029589
Salford 018,Manchester 053,15323.6970662597
Salford 018,Manchester 055,5687.47113292566
Salford 018,Stockport 014,14120.3485725998
Salford 018,Trafford 002,3911.36392417837
Salford 019,Manchester 060,7944.32105719098
Salford 019,Salford 028,6015.02581487793
Salford 019,Manchester 018,10296.2455835207
Salford 019,Manchester 054,8923.15235344081
Salford 019,Tameside 013,17384.4756157093
Salford 019,Manchester 053,15554.0430327063
Salford 019,Manchester 055,9330.06280097591
Salford 019,Stockport 014,16865.9554850278
Salford 019,Trafford 002,3201.58239866819
Salford 020,Manchester 060,6228.21724963684
Salford 020,Salford 028,4359.37865835189
Salford 020,Manchester 018,8590.58400525693
Salford 020,Manchester 054,7168.9752150307
Salford 020,Tameside 013,15629.6764214038
Salford 020,Manchester 053,14948.891259087
Salford 020,Manchester 055,7592.5845058299
Salford 020,Stockport 014,15363.6668155646
Salford 020,Trafford 002,2518.29432393206
Salford 021,Manchester 060,4237.19473826849
Salford 021,Salford 028,2408.87617891879
Salford 021,Manchester 018,6599.54502701809
Salford 021,Manchester 054,5239.27592050768
Salford 021,Tameside 013,13697.3618845146
Salford 021,Manchester 053,14015.8203435448
Salford 021,Manchester 055,5612.88882330092
Salford 021,Stockport 014,13489.6998092859
Salford 021,Trafford 002,2631.66352167767
Salford 022,Manchester 060,1440.43167767617
Salford 022,Salford 028,1881.90727623402
Salford 022,Manchester 018,3613.38501649463
Salford 022,Manchester 054,1912.84571904554
Salford 022,Tameside 013,10375.055986073
Salford 022,Manchester 053,14041.856362477
Salford 022,Manchester 055,2426.39241953249
Salford 022,Stockport 014,11110.0970106138
Salford 022,Trafford 002,5488.46846348415
Salford 023,Manchester 060,3325.46373275343
Salford 023,Salford 028,1799.8473724573
Salford 023,Manchester 018,5690.49252468168
Salford 023,Manchester 054,4198.656656217
Salford 023,Tameside 013,12660.9834154704
Salford 023,Manchester 053,14128.2269648048
Salford 023,Manchester 055,4632.94737001192
Salford 023,Stockport 014,12820.9369171974
Salford 023,Trafford 002,3551.27527191657
Salford 024,Manchester 060,2412.56194919758
Salford 024,Salford 028,1319.02112775642
Salford 024,Manchester 018,4766.73683354223
Salford 024,Manchester 054,3265.95273170701
Salford 024,Tameside 013,11726.0828149274
Salford 024,Manchester 053,13917.6380546982
Salford 024,Manchester 055,3688.41813818394
Salford 024,Stockport 014,12011.8828242266
Salford 024,Trafford 002,4235.13649997997
Salford 025,Manchester 060,8692.22120746987
Salford 025,Salford 028,6660.71273750137
Salford 025,Manchester 018,10966.3588903803
Salford 025,Manchester 054,9877.92125663028
Salford 025,Tameside 013,18301.5362187721
Salford 025,Manchester 053,14621.2258890977
Salford 025,Manchester 055,10143.4368995723
Salford 025,Stockport 014,16999.1466241557
Salford 025,Trafford 002,3059.04361642215
Salford 026,Manchester 060,6168.71318524315
Salford 026,Salford 028,4160.70860830847
Salford 026,Manchester 018,8476.03458973754
Salford 026,Manchester 054,7326.14761745885
Salford 026,Tameside 013,15755.6625269872
Salford 026,Manchester 053,13887.3187773239
Salford 026,Manchester 055,7607.76179781168
Salford 026,Stockport 014,14867.5789543883
Salford 026,Trafford 002,1399.27498509836
Salford 027,Manchester 060,7794.58432567612
Salford 027,Salford 028,5752.0670890433
Salford 027,Manchester 018,10040.3990564938
Salford 027,Manchester 054,9038.09492497389
Salford 027,Tameside 013,17425.6702395221
Salford 027,Manchester 053,13859.8442735972
Salford 027,Manchester 055,9256.55924327715
Salford 027,Stockport 014,16013.3187037642
Salford 027,Trafford 002,2075.46537400239
Salford 028,Manchester 060,2047.47223457018
Salford 028,Salford 028,0
Salford 028,Manchester 018,4315.4466680221
Salford 028,Manchester 054,3456.2137120467
Salford 028,Tameside 013,11688.6567209475
Salford 028,Manchester 053,12600.6789562618
Salford 028,Manchester 055,3519.30776744454
Salford 028,Stockport 014,11094.1870103807
Salford 028,Trafford 002,3865.48607223321
Stockport 001,Manchester 060,7344.90942579749
Stockport 001,Salford 028,9128.97752747898
Stockport 001,Manchester 018,5016.35138339011
Stockport 001,Manchester 054,7074.74786131942
Stockport 001,Tameside 013,5379.65455392889
Stockport 001,Manchester 053,12560.6021174648
Stockport 001,Manchester 055,6248.03725476384
Stockport 001,Stockport 014,3538.35769667176
Stockport 001,Trafford 002,12576.5503345219
Stockport 002,Manchester 060,6747.54108098681
Stockport 002,Salford 028,8461.91707523083
Stockport 002,Manchester 018,4474.38606956279
Stockport 002,Manchester 054,6623.64174663317
Stockport 002,Tameside 013,6012.83622687345
Stockport 002,Manchester 053,11902.1502740712
Stockport 002,Manchester 055,5746.90911567818
Stockport 002,Stockport 014,3506.89482275361
Stockport 002,Trafford 002,11837.2928217565
Stockport 003,Manchester 060,7937.1479459272
Stockport 003,Salford 028,9563.87447381061
Stockport 003,Manchester 018,5718.16835759961
Stockport 003,Manchester 054,7898.5992889045
Stockport 003,Tameside 013,6522.79060410351
Stockport 003,Manchester 053,11559.2248598243
Stockport 003,Manchester 055,7004.73131173121
Stockport 003,Stockport 014,2275.8029171037
Stockport 003,Trafford 002,12789.2487445173
Stockport 004,Manchester 060,9205.62073700455
Stockport 004,Salford 028,10877.3626586398
Stockport 004,Manchester 018,6936.05816690268
Stockport 004,Manchester 054,9061.19005621228
Stockport 004,Tameside 013,6351.56118614504
Stockport 004,Manchester 053,12273.8438532122
Stockport 004,Manchester 055,8201.83749408674
Stockport 004,Stockport 014,2088.53964102163
Stockport 004,Trafford 002,14128.3908315747
Stockport 005,Manchester 060,11729.2105132026
Stockport 005,Salford 028,13518.8846412995
Stockport 005,Manchester 018,9383.03473781149
Stockport 005,Manchester 054,11343.0341881387
Stockport 005,Tameside 013,6209.19730980597
Stockport 005,Manchester 053,14563.6044884838
Stockport 005,Manchester 055,10576.0197358117
Stockport 005,Stockport 014,4181.63014910837
Stockport 005,Trafford 002,16899.3814090902
Stockport 006,Manchester 060,7185.83989370623
Stockport 006,Salford 028,8576.86298121045
Stockport 006,Manchester 018,5227.38108135336
Stockport 006,Manchester 054,7480.77143389808
Stockport 006,Tameside 013,7878.62012947373
Stockport 006,Manchester 053,10051.7869991797
Stockport 006,Manchester 055,6520.33744826661
Stockport 006,Stockport 014,2522.12946259195
Stockport 006,Trafford 002,11532.9895316764
Stockport 007,Manchester 060,8623.90042676571
Stockport 007,Salford 028,10058.716728985
Stockport 007,Manchester 018,6571.08919733359
Stockport 007,Manchester 054,8812.80292976283
Stockport 007,Tameside 013,7872.96372817102
Stockport 007,Manchester 053,10425.3492182659
Stockport 007,Manchester 055,7872.08612599438
Stockport 007,Stockport 014,1081.01296427099
Stockport 007,Trafford 002,13003.2400547936
Stockport 008,Manchester 060,7051.54659555509
Stockport 008,Salford 028,8231.72498667362
Stockport 008,Manchester 018,5349.40911183458
Stockport 008,Manchester 054,7574.7503956697
Stockport 008,Tameside 013,8862.96796626862
Stockport 008,Manchester 053,9051.71039994777
Stockport 008,Manchester 055,6596.04667623809
Stockport 008,Stockport 014,3025.20244959897
Stockport 008,Trafford 002,10933.6511496842
Stockport 009,Manchester 060,10447.0316467322
Stockport 009,Salford 028,12140.1696121859
Stockport 009,Manchester 018,8154.66139122763
Stockport 009,Manchester 054,10241.1238252149
Stockport 009,Tameside 013,6545.77542255413
Stockport 009,Manchester 053,12961.7229592888
Stockport 009,Manchester 055,9405.0227836637
Stockport 009,Stockport 014,2545.47040348025
Stockport 009,Trafford 002,15395.0129300041
Stockport 010,Manchester 060,13798.4527361038
Stockport 010,Salford 028,15563.8559961267
Stockport 010,Manchester 018,11458.7142818004
Stockport 010,Manchester 054,13426.9332351627
Stockport 010,Tameside 013,7764.47025017992
Stockport 010,Manchester 053,15556.7509968884
Stockport 010,Manchester 055,12658.1107587847
Stockport 010,Stockport 014,5553.01017934733
Stockport 010,Trafford 002,18881.655212338
Stockport 011,Manchester 060,8533.77993979467
Stockport 011,Salford 028,9703.31004566097
Stockport 011,Manchester 018,6767.68636711392
Stockport 011,Manchester 054,9009.9644838763
Stockport 011,Tameside 013,9293.44183742878
Stockport 011,Manchester 053,8863.10327399676
Stockport 011,Manchester 055,8034.8059317346
Stockport 011,Stockport 014,1901.76374423421
Stockport 011,Trafford 002,12293.4824535416
Stockport 012,Manchester 060,12102.5271094884
Stockport 012,Salford 028,13686.5086751367
Stockport 012,Manchester 018,9874.90731554305
Stockport 012,Manchester 054,12023.217581363
Stockport 012,Tameside 013,8259.53119249993
Stockport 012,Manchester 053,12785.9048359408
Stockport 012,Manchester 055,11152.0970009282
Stockport 012,Stockport 014,2929.87234734813
Stockport 012,Trafford 002,16744.9856004712
Stockport 013,Manchester 060,7856.68271784191
Stockport 013,Salford 028,8774.20224378876
Stockport 013,Manchester 018,6419.47995028962
Stockport 013,Manchester 054,8580.12408444046
Stockport 013,Tameside 013,10190.183104873
Stockport 013,Manchester 053,7741.5230766917
Stockport 013,Manchester 055,7602.75059766896
Stockport 013,Stockport 014,3385.08060558074
Stockport 013,Trafford 002,11072.9827826779
Stockport 014,Manchester 060,9694.2109835443
Stockport 014,Salford 028,11094.1870103807
Stockport 014,Manchester 018,7652.07574576055
Stockport 014,Manchester 054,9893.13003640959
Stockport 014,Tameside 013,8422.12542019773
Stockport 014,Manchester 053,10416.25292463
Stockport 014,Manchester 055,8953.08820248287
Stockport 014,Stockport 014,0
Stockport 014,Trafford 002,13948.8012317911
Stockport 015,Manchester 060,10955.4989749473
Stockport 015,Salford 028,12389.712609326
Stockport 015,Manchester 018,8861.05280794837
Stockport 015,Manchester 054,11085.5969111261
Stockport 015,Tameside 013,8745.76641311937
Stockport 015,Manchester 053,11054.751144458
Stockport 015,Manchester 055,10161.0777875725
Stockport 015,Stockport 014,1306.36858285776
Stockport 015,Trafford 002,15251.9347435187
Stockport 016,Manchester 060,9758.84743095001
Stockport 016,Salford 028,10908.6704569674
Stockport 016,Manchester 018,7971.60769145615
Stockport 016,Manchester 054,10218.8463852435
Stockport 016,Tameside 013,9873.99143200586
Stockport 016,Manchester 053,8813.6874986377
Stockport 016,Manchester 055,9245.94148742065
Stockport 016,Stockport 014,1619.42547474801
Stockport 016,Trafford 002,13405.1810992974
Stockport 018,Manchester 060,9269.288430305
Stockport 018,Salford 028,10203.602868542
Stockport 018,Manchester 018,7738.4253203522
Stockport 018,Manchester 054,9935.03955981425
Stockport 018,Tameside 013,10697.0521240088
Stockport 018,Manchester 053,7575.00605922458
Stockport 018,Manchester 055,8955.27545473016
Stockport 018,Stockport 014,2870.12563743363
Stockport 018,Trafford 002,12420.4492196107
Stockport 019,Manchester 060,10964.3959367589
Stockport 019,Salford 028,12253.8503798031
Stockport 019,Manchester 018,9005.54146239928
Stockport 019,Manchester 054,11256.0715901229
Stockport 019,Tameside 013,9668.74926874079
Stockport 019,Manchester 053,9997.01035040403
Stockport 019,Manchester 055,10303.23225154
Stockport 019,Stockport 014,1449.12117783299
Stockport 019,Trafford 002,14902.2518580718
Stockport 020,Manchester 060,14470.2891936211
Stockport 020,Salford 028,16047.9483702584
Stockport 020,Manchester 018,12234.8153260487
Stockport 020,Manchester 054,14367.5293094773
Stockport 020,Tameside 013,9851.00775976517
Stockport 020,Manchester 053,14074.1955757696
Stockport 020,Manchester 055,13506.9814510849
Stockport 020,Stockport 014,5126.20066296369
Stockport 020,Trafford 002,19054.6658006452
Stockport 021,Manchester 060,13194.3175298497
Stockport 021,Salford 028,14633.6425328277
Stockport 021,Manchester 018,11071.8905146923
Stockport 021,Manchester 054,13280.4603265583
Stockport 021,Tameside 013,9994.14600901364
Stockport 021,Manchester 053,12107.696408887
Stockport 021,Manchester 055,12368.9145598478
Stockport 021,Stockport 014,3540.95046957572
Stockport 021,Trafford 002,17445.8093408181
Stockport 022,Manchester 060,9419.98797926813
Stockport 022,Salford 028,10139.9104292846
Stockport 022,Manchester 018,8128.1678098882
Stockport 022,Manchester 054,10249.8601956754
Stockport 022,Tameside 013,11691.4750734142
Stockport 022,Manchester 053,6463.62960070415
Stockport 022,Manchester 055,9278.32516697414
Stockport 022,Stockport 014,3985.20499977837
Stockport 022,Trafford 002,12035.8295395702
Stockport 023,Manchester 060,11089.9085344749
Stockport 023,Salford 028,12203.0649159663
Stockport 023,Manchester 018,9306.34368129966
Stockport 023,Manchester 054,11554.8377855241
Stockport 023,Tameside 013,10736.158456312
Stockport 023,Manchester 053,8819.6444648043
Stockport 023,Manchester 055,10582.6039134054
Stockport 023,Stockport 014,2322.37404803354
Stockport 023,Trafford 002,14584.4467274578
Stockport 024,Manchester 060,12512.6612911145
Stockport 024,Salford 028,13845.642667368
Stockport 024,Manchester 018,10489.7659947656
Stockport 024,Manchester 054,12729.606828083
Stockport 024,Tameside 013,10273.0946004211
Stockport 024,Manchester 053,10914.7282575059
Stockport 024,Manchester 055,11790.8035613811
Stockport 024,Stockport 014,2837.73604945555
Stockport 024,Trafford 002,16510.4600420916
Stockport 025,Manchester 060,9143.65562385199
Stockport 025,Salford 028,9455.77020501603
Stockport 025,Manchester 018,8342.02769782797
Stockport 025,Manchester 054,10246.646642731
Stockport 025,Tameside 013,13058.9860135774
Stockport 025,Manchester 053,4855.62671518792
Stockport 025,Manchester 055,9322.32231389396
Stockport 025,Stockport 014,5906.75136122568
Stockport 025,Trafford 002,10765.1360852746
Stockport 026,Manchester 060,10760.4305891334
Stockport 026,Salford 028,11725.8132332564
Stockport 026,Manchester 018,9142.37530714779
Stockport 026,Manchester 054,11364.8159177431
Stockport 026,Tameside 013,11312.1263852767
Stockport 026,Manchester 053,7801.95446302911
Stockport 026,Manchester 055,10385.378598219
Stockport 026,Stockport 014,2944.71105367539
Stockport 026,Trafford 002,13901.4698281564
Stockport 027,Manchester 060,12345.773712356
Stockport 027,Salford 028,13524.7828478646
Stockport 027,Manchester 018,10471.2473353529
Stockport 027,Manchester 054,12724.7102477506
Stockport 027,Tameside 013,11104.2085684944
Stockport 027,Manchester 053,9684.77226387276
Stockport 027,Manchester 055,11761.9037860378
Stockport 027,Stockport 014,3013.80682008759
Stockport 027,Trafford 002,15958.0912871695
Stockport 028,Manchester 060,10106.778673836
Stockport 028,Salford 028,10534.2695223967
Stockport 028,Manchester 018,9119.80190310612
Stockport 028,Manchester 054,11120.5470762064
Stockport 028,Tameside 013,13229.5060900663
Stockport 028,Manchester 053,4878.17052675664
Stockport 028,Manchester 055,10173.8047297877
Stockport 028,Stockport 014,5545.48734668884
Stockport 028,Trafford 002,11933.0105003331
Stockport 030,Manchester 060,11066.8286341697
Stockport 030,Salford 028,11728.0885000186
Stockport 030,Manchester 018,9774.85143652762
Stockport 030,Manchester 054,11904.8905861655
Stockport 030,Tameside 013,12885.6946671996
Stockport 030,Manchester 053,5987.06968769066
Stockport 030,Manchester 055,10932.6614204183
Stockport 030,Stockport 014,4684.86238533524
Stockport 030,Trafford 002,13422.2130082728
Stockport 031,Manchester 060,13785.5474430885
Stockport 031,Salford 028,15055.4879820678
Stockport 031,Manchester 018,11805.5220578746
Stockport 031,Manchester 054,14051.2308477183
Stockport 031,Tameside 013,11498.4588635723
Stockport 031,Manchester 053,11041.9405534647
Stockport 031,Manchester 055,13105.5097236765
Stockport 031,Stockport 014,4162.50889801769
Stockport 031,Trafford 002,17587.6034135714
Stockport 032,Manchester 060,12491.7056603744
Stockport 032,Salford 028,13357.3484516681
Stockport 032,Manchester 018,10936.1529129103
Stockport 032,Manchester 054,13148.8399673946
Stockport 032,Tameside 013,12860.1603362068
Stockport 032,Manchester 053,7539.89200886042
Stockport 032,Manchester 055,12168.9109052105
Stockport 032,Stockport 014,4442.81438776135
Stockport 032,Trafford 002,15297.1105845168
Stockport 033,Manchester 060,13842.5175333259
Stockport 033,Salford 028,14947.6026340462
Stockport 033,Manchester 018,12017.8559656561
Stockport 033,Manchester 054,14270.5893689377
Stockport 033,Tameside 013,12513.1835973967
Stockport 033,Manchester 053,9804.34020140819
Stockport 033,Manchester 055,13303.4744175857
Stockport 033,Stockport 014,4587.81805604374
Stockport 033,Trafford 002,17216.6913160713
Stockport 034,Manchester 060,12001.8526464392
Stockport 034,Salford 028,12549.9548116607
Stockport 034,Manchester 018,10806.0628610078
Stockport 034,Manchester 054,12904.2616271206
Stockport 034,Tameside 013,13978.6220308074
Stockport 034,Manchester 053,5365.82510867637
Stockport 034,Manchester 055,11937.9128446225
Stockport 034,Stockport 014,5706.72881175918
Stockport 034,Trafford 002,14008.7937496895
Stockport 035,Manchester 060,14801.1563234244
Stockport 035,Salford 028,16011.59869874
Stockport 035,Manchester 018,12865.024566616
Stockport 035,Manchester 054,15115.115056972
Stockport 035,Tameside 013,12580.9954519498
Stockport 035,Manchester 053,11132.7042248711
Stockport 035,Manchester 055,14162.7847934877
Stockport 035,Stockport 014,5246.95515112766
Stockport 035,Trafford 002,18422.8912455415
Stockport 036,Manchester 060,11578.7469626074
Stockport 036,Salford 028,11834.9321112906
Stockport 036,Manchester 018,10727.004752478
Stockport 036,Manchester 054,12672.1059543554
Stockport 036,Tameside 013,14849.5093926314
Stockport 036,Manchester 053,3626.16992115829
Stockport 036,Manchester 055,11740.3691651399
Stockport 036,Stockport 014,6929.373148584
Stockport 036,Trafford 002,12844.2501742262
Stockport 037,Manchester 060,13814.5899390364
Stockport 037,Salford 028,14762.3914304583
Stockport 037,Manchester 018,12147.6403276883
Stockport 037,Manchester 054,14384.3189940511
Stockport 037,Tameside 013,13348.1929765446
Stockport 037,Manchester 053,8638.06844883949
Stockport 037,Manchester 055,13406.7682758779
Stockport 037,Stockport 014,5108.78397193292
Stockport 037,Trafford 002,16780.8353460343
Stockport 038,Manchester 060,16242.9427201064
Stockport 038,Salford 028,17600.1277744215
Stockport 038,Manchester 018,14166.6105601892
Stockport 038,Manchester 054,16387.3507196796
Stockport 038,Tameside 013,12744.6990224533
Stockport 038,Manchester 053,13240.3053070364
Stockport 038,Manchester 055,15466.3522592052
Stockport 038,Stockport 014,6548.73173667255
Stockport 038,Trafford 002,20219.1548427769
Stockport 039,Manchester 060,13083.0249378351
Stockport 039,Salford 028,13684.191798734
Stockport 039,Manchester 018,11799.005794419
Stockport 039,Manchester 054,13933.3264238395
Stockport 039,Tameside 013,14501.1731481846
Stockport 039,Manchester 053,5956.2621217691
Stockport 039,Manchester 055,12960.9378454386
Stockport 039,Stockport 014,6101.11594274092
Stockport 039,Trafford 002,15171.7323518722
Stockport 040,Manchester 060,12658.6610389817
Stockport 040,Salford 028,13008.8925029207
Stockport 040,Manchester 018,11664.7152055424
Stockport 040,Manchester 054,13681.2438003382
Stockport 040,Tameside 013,15256.9625338906
Stockport 040,Manchester 053,4218.95599090521
Stockport 040,Manchester 055,12732.7032949023
Stockport 040,Stockport 014,7049.39343927199
Stockport 040,Trafford 002,14104.5606295142
Stockport 041,Manchester 060,13933.3642348766
Stockport 041,Salford 028,14612.2426611677
Stockport 041,Manchester 018,12546.1576029858
Stockport 041,Manchester 054,14716.5724772435
Stockport 041,Tameside 013,14761.2245651904
Stockport 041,Manchester 053,6811.62001508494
Stockport 041,Manchester 055,13739.2810275684
Stockport 041,Stockport 014,6344.07199309097
Stockport 041,Trafford 002,16188.920901421
Stockport 042,Manchester 060,15835.5889154184
Stockport 042,Salford 028,16522.5178504123
Stockport 042,Manchester 018,14406.3203114205
Stockport 042,Manchester 054,16592.6908618361
Stockport 042,Tameside 013,16168.2896900918
Stockport 042,Manchester 053,7908.65379570268
Stockport 042,Manchester 055,15613.9341461391
Stockport 042,Stockport 014,7844.70083155704
Stockport 042,Trafford 002,18041.5124803379
Tameside 002,Manchester 060,12257.5601623099
Tameside 002,Salford 028,14255.8168317606
Tameside 002,Manchester 018,10495.5686242663
Tameside 002,Manchester 054,10828.844694453
Tameside 002,Tameside 013,3602.42043042225
Tameside 002,Manchester 053,21500.7993543125
Tameside 002,Manchester 055,10802.0713400466
Tameside 002,Stockport 014,11947.8082518085
Tameside 002,Trafford 002,18105.8724636982
Tameside 004,Manchester 060,12381.3033672099
Tameside 004,Salford 028,14414.9480143225
Tameside 004,Manchester 018,10440.4001195248
Tameside 004,Manchester 054,11057.301639768
Tameside 004,Tameside 013,3021.36527612079
Tameside 004,Manchester 053,20836.5010178268
Tameside 004,Manchester 055,10907.7770694177
Tameside 004,Stockport 014,11009.8356048093
Tameside 004,Trafford 002,18280.3954623427
Tameside 005,Manchester 060,9752.51779771036
Tameside 005,Salford 028,11771.6044747114
Tameside 005,Manchester 018,7929.574775634
Tameside 005,Manchester 054,8381.75243869402
Tameside 005,Tameside 013,1692.47159009375
Tameside 005,Manchester 053,19112.1455121081
Tameside 005,Manchester 055,8286.02717096312
Tameside 005,Stockport 014,9962.76857022645
Tameside 005,Trafford 002,15633.6116094575
Tameside 006,Manchester 060,11088.6174507837
Tameside 006,Salford 028,13119.361175279
Tameside 006,Manchester 018,9179.01115918246
Tameside 006,Manchester 054,9755.56281788684
Tameside 006,Tameside 013,1976.54091039382
Tameside 006,Manchester 053,19889.6044465585
Tameside 006,Manchester 055,9616.22068999444
Tameside 006,Stockport 014,10322.4589933499
Tameside 006,Trafford 002,16984.5181714662
Tameside 007,Manchester 060,11724.7658530381
Tameside 007,Salford 028,13770.7680829982
Tameside 007,Manchester 018,9671.1479849108
Tameside 007,Manchester 054,10495.0445159049
Tameside 007,Tameside 013,2111.35788358269
Tameside 007,Manchester 053,19698.2664908043
Tameside 007,Manchester 055,10251.46097072
Tameside 007,Stockport 014,9807.28574323934
Tameside 007,Trafford 002,17629.3321951756
Tameside 008,Manchester 060,12856.960065315
Tameside 008,Salford 028,14903.8279321264
Tameside 008,Manchester 018,10778.4203109667
Tameside 008,Manchester 054,11639.4029791225
Tameside 008,Tameside 013,3221.42876464066
Tameside 008,Manchester 053,20472.9388649262
Tameside 008,Manchester 055,11384.9049939648
Tameside 008,Stockport 014,10391.4307711664
Tameside 008,Trafford 002,18759.4625672697
Tameside 010,Manchester 060,8012.42983008085
Tameside 010,Salford 028,10054.9105560575
Tameside 010,Manchester 018,6050.39974449572
Tameside 010,Manchester 054,6766.18570839641
Tameside 010,Tameside 013,1739.01899256142
Tameside 010,Manchester 053,17195.2966967143
Tameside 010,Manchester 055,6537.55265958891
Tameside 010,Stockport 014,8393.141250991
Tameside 010,Trafford 002,13918.1221391232
Tameside 011,Manchester 060,6752.48052065106
Tameside 011,Salford 028,8796.87518912274
Tameside 011,Manchester 018,4794.34211560824
Tameside 011,Manchester 054,5541.29272935539
Tameside 011,Tameside 013,2921.04257100147
Tameside 011,Manchester 053,16258.6007607268
Tameside 011,Manchester 055,5278.02889870224
Tameside 011,Stockport 014,7997.20436418069
Tameside 011,Trafford 002,12658.3497175336
Tameside 012,Manchester 060,6023.90864273732
Tameside 012,Salford 028,8067.68299360654
Tameside 012,Manchester 018,4100.72900293306
Tameside 012,Manchester 054,4817.74417482765
Tameside 012,Tameside 013,3646.74402473396
Tameside 012,Manchester 053,15827.0025377104
Tameside 012,Manchester 055,4549.21857778936
Tameside 012,Stockport 014,7966.97906955819
Tameside 012,Trafford 002,11929.8017131911
Tameside 013,Manchester 060,9641.25174812601
Tameside 013,Salford 028,11688.6567209475
Tameside 013,Manchester 018,7561.59443707207
Tameside 013,Manchester 054,8462.32694008224
Tameside 013,Tameside 013,0
Tameside 013,Manchester 053,17914.6115039203
Tameside 013,Manchester 055,8171.34093660667
Tameside 013,Stockport 014,8422.12542019767
Tameside 013,Trafford 002,15540.946203165
Tameside 014,Manchester 060,7746.39914932782
Tameside 014,Salford 028,9777.33751222395
Tameside 014,Manchester 018,5513.77849013821
Tameside 014,Manchester 054,6790.23656871362
Tameside 014,Tameside 013,2304.34736076407
Tameside 014,Manchester 053,15686.6796931635
Tameside 014,Manchester 055,6318.34453715643
Tameside 014,Stockport 014,6636.0376556411
Tameside 014,Trafford 002,13578.4069124643
Tameside 015,Manchester 060,14016.9633815809
Tameside 015,Salford 028,16053.2094757707
Tameside 015,Manchester 018,11788.6019255543
Tameside 015,Manchester 054,12964.9354395387
Tameside 015,Tameside 013,4596.22877480396
Tameside 015,Manchester 053,20224.2121761459
Tameside 015,Manchester 055,12573.8631578671
Tameside 015,Stockport 014,9864.24782277857
Tameside 015,Trafford 002,19856.1454686527
Tameside 016,Manchester 060,12445.489628942
Tameside 016,Salford 028,14485.8212939146
Tameside 016,Manchester 018,10240.9440480768
Tameside 016,Manchester 054,11372.4821075205
Tameside 016,Tameside 013,3006.73623088599
Tameside 016,Manchester 053,19218.3898590621
Tameside 016,Manchester 055,10996.0759426164
Tameside 016,Stockport 014,9008.24572178182
Tameside 016,Trafford 002,18301.8791964869
Tameside 017,Manchester 060,10510.2133578098
Tameside 017,Salford 028,12545.0446403026
Tameside 017,Manchester 018,8282.93820283921
Tameside 017,Manchester 054,9491.67709051529
Tameside 017,Tameside 013,1573.71274132031
Tameside 017,Manchester 053,17581.3742359763
Tameside 017,Manchester 055,9071.59799740758
Tameside 017,Stockport 014,7634.06178198915
Tameside 017,Trafford 002,16348.8881475465
Tameside 018,Manchester 060,11783.0510757893
Tameside 018,Salford 028,13815.1119598583
Tameside 018,Manchester 018,9541.76713639988
Tameside 018,Manchester 054,10770.6187797001
Tameside 018,Tameside 013,2621.33504188332
Tameside 018,Manchester 053,18380.1172432045
Tameside 018,Manchester 055,10347.8752387111
Tameside 018,Stockport 014,8193.69519259974
Tameside 018,Trafford 002,17610.2501577476
Tameside 019,Manchester 060,9043.03031476187
Tameside 019,Salford 028,11067.695031086
Tameside 019,Manchester 018,6783.68600866379
Tameside 019,Manchester 054,8099.95807928159
Tameside 019,Tameside 013,1732.24895298089
Tameside 019,Manchester 053,16303.2053442807
Tameside 019,Manchester 055,7622.78000858943
Tameside 019,Stockport 014,6689.92457481412
Tameside 019,Trafford 002,14852.4524540014
Tameside 020,Manchester 060,11738.8826891532
Tameside 020,Salford 028,13738.4077437134
Tameside 020,Manchester 018,9425.64003299105
Tameside 020,Manchester 054,10868.9760361411
Tameside 020,Tameside 013,3330.67447309542
Tameside 020,Manchester 053,17487.5233068814
Tameside 020,Manchester 055,10349.0553566106
Tameside 020,Stockport 014,7185.93968099031
Tameside 020,Trafford 002,17466.0429322462
Tameside 021,Manchester 060,9589.18529196888
Tameside 021,Salford 028,11558.221589839
Tameside 021,Manchester 018,7244.58215489242
Tameside 021,Manchester 054,8845.03636054339
Tameside 021,Tameside 013,3012.160079216
Tameside 021,Manchester 053,15565.0567209093
Tameside 021,Manchester 055,8244.35433861826
Tameside 021,Stockport 014,5578.09351409298
Tameside 021,Trafford 002,15242.0463072122
Tameside 022,Manchester 060,13446.872998788
Tameside 022,Salford 028,15426.6559657041
Tameside 022,Manchester 018,11111.5708203286
Tameside 022,Manchester 054,12626.132116555
Tameside 022,Tameside 013,4998.03728389852
Tameside 022,Manchester 053,18288.373932497
Tameside 022,Manchester 055,12078.48086748
Tameside 022,Stockport 014,7872.4785837475
Tameside 022,Trafford 002,19111.1970733184
Tameside 024,Manchester 060,7640.58012373901
Tameside 024,Salford 028,9568.51209968996
Tameside 024,Manchester 018,5275.6956830296
Tameside 024,Manchester 054,7053.62647949773
Tameside 024,Tameside 013,3916.96720656367
Tameside 024,Manchester 053,14011.3239777097
Tameside 024,Manchester 055,6361.3732236157
Tameside 024,Stockport 014,4776.17732619209
Tameside 024,Trafford 002,13206.0238437607
Tameside 025,Manchester 060,8749.20989380504
Tameside 025,Salford 028,10634.6182446414
Tameside 025,Manchester 018,6381.85945496362
Tameside 025,Manchester 054,8233.31640973184
Tameside 025,Tameside 013,4219.42171370021
Tameside 025,Manchester 053,14048.3404820189
Tameside 025,Manchester 055,7512.6325548918
Tameside 025,Stockport 014,4203.22153584884
Tameside 025,Trafford 002,14197.3606648093
Tameside 026,Manchester 060,10403.6103432574
Tameside 026,Salford 028,12354.7579277733
Tameside 026,Manchester 018,8048.40832729148
Tameside 026,Manchester 054,9697.01356812637
Tameside 026,Tameside 013,3525.8076087403
Tameside 026,Manchester 053,15774.8674818253
Tameside 026,Manchester 055,9077.71158685164
Tameside 026,Stockport 014,5556.71052598936
Tameside 026,Trafford 002,16003.8728674094
Tameside 028,Manchester 060,12078.4780754867
Tameside 028,Salford 028,14019.9491713112
Tameside 028,Manchester 018,9719.6578347179
Tameside 028,Manchester 054,11375.5107160709
Tameside 028,Tameside 013,4550.67682445424
Tameside 028,Manchester 053,16683.2593982965
Tameside 028,Manchester 055,10758.1071958869
Tameside 028,Stockport 014,6277.53990052725
Tameside 028,Trafford 002,17642.4334194836
Tameside 029,Manchester 060,10471.7953213261
Tameside 029,Salford 028,12338.7822157309
Tameside 029,Manchester 018,8105.78851458321
Tameside 029,Manchester 054,9959.8260228155
Tameside 029,Tameside 013,4756.66540732955
Tameside 029,Manchester 053,14721.1905896655
Tameside 029,Manchester 055,9243.36460774494
Tameside 029,Stockport 014,4377.60518209312
Tameside 029,Trafford 002,15853.7751911114
Tameside 030,Manchester 060,13534.1748922648
Tameside 030,Salford 028,15419.7026205584
Tameside 030,Manchester 018,11166.3750688181
Tameside 030,Manchester 054,12943.750909346
Tameside 030,Tameside 013,6306.64582540746
Tameside 030,Manchester 053,16847.5807456334
Tameside 030,Manchester 055,12271.0455290959
Tameside 030,Stockport 014,6513.87186407892
Tameside 030,Trafford 002,18937.9574872592
Trafford 001,Manchester 060,1759.24485632883
Trafford 001,Salford 028,1525.10815364639
Trafford 001,Manchester 018,3379.33863960484
Trafford 001,Manchester 054,3395.22383020788
Trafford 001,Tameside 013,10937.4823787695
Trafford 001,Manchester 053,11433.6795977688
Trafford 001,Manchester 055,3024.87717212403
Trafford 001,Stockport 014,9620.65290942453
Trafford 001,Trafford 002,4762.9382394557
Trafford 002,Manchester 060,5905.90184612856
Trafford 002,Salford 028,3865.48607223319
Trafford 002,Manchester 018,8068.7768163793
Trafford 002,Manchester 054,7279.91184233176
Trafford 002,Tameside 013,15540.946203165
Trafford 002,Manchester 053,12493.027890171
Trafford 002,Manchester 055,7380.63417977825
Trafford 002,Stockport 014,13948.8012317913
Trafford 002,Trafford 002,0
Trafford 003,Manchester 060,3600.18686486554
Trafford 003,Salford 028,2070.55440109044
Trafford 003,Manchester 018,5353.56314635654
Trafford 003,Manchester 054,5216.02671367069
Trafford 003,Tameside 013,12915.1331780138
Trafford 003,Manchester 053,10803.7579458101
Trafford 003,Manchester 055,4981.04251361859
Trafford 003,Stockport 014,10891.9460739135
Trafford 003,Trafford 002,3069.04309093669
Trafford 004,Manchester 060,2975.74156923398
Trafford 004,Salford 028,2192.74080476177
Trafford 004,Manchester 018,4339.45987382617
Trafford 004,Manchester 054,4608.91270019518
Trafford 004,Tameside 013,11873.5473228672
Trafford 004,Manchester 053,10420.0517076168
Trafford 004,Manchester 055,4182.31880861366
Trafford 004,Stockport 014,9706.47954130041
Trafford 004,Trafford 002,4276.11503669903
Trafford 005,Manchester 060,8508.68411666389
Trafford 005,Salford 028,6498.73141967536
Trafford 005,Manchester 018,10553.8853016947
Trafford 005,Manchester 054,9944.31599997841
Trafford 005,Tameside 013,18093.3088708029
Trafford 005,Manchester 053,12358.9169238491
Trafford 005,Manchester 055,9979.32459154015
Trafford 005,Stockport 014,15718.4602384749
Trafford 005,Trafford 002,2697.72109380977
Trafford 006,Manchester 060,4447.22546306521
Trafford 006,Salford 028,2582.15349754036
Trafford 006,Manchester 018,6393.18992327168
Trafford 006,Manchester 054,5992.11240125607
Trafford 006,Tameside 013,13944.237035714
Trafford 006,Manchester 053,11235.6308616332
Trafford 006,Manchester 055,5892.27432649633
Trafford 006,Stockport 014,12009.2549342657
Trafford 006,Trafford 002,1939.55105622312
Trafford 008,Manchester 060,5950.87602529656
Trafford 008,Salford 028,4245.98262574368
Trafford 008,Manchester 018,7635.5505993938
Trafford 008,Manchester 054,7555.85285570877
Trafford 008,Tameside 013,15180.2555681041
Trafford 008,Manchester 053,10044.043383467
Trafford 008,Manchester 055,7332.54764077727
Trafford 008,Stockport 014,12318.5817889751
Trafford 008,Trafford 002,2450.13877969764
Trafford 009,Manchester 060,7504.2468311169
Trafford 009,Salford 028,5680.11938247743
Trafford 009,Manchester 018,9265.05593731916
Trafford 009,Manchester 054,9079.15150981873
Trafford 009,Tameside 013,16815.4442451426
Trafford 009,Manchester 053,10346.1916539635
Trafford 009,Manchester 055,8916.23332133304
Trafford 009,Stockport 014,13767.9319375132
Trafford 009,Trafford 002,2751.17739597106
Trafford 010,Manchester 060,8401.49521603153
Trafford 010,Salford 028,6498.6759933074
Trafford 010,Manchester 018,10251.7517718527
Trafford 010,Manchester 054,9939.77088795076
Trafford 010,Tameside 013,17811.4812870923
Trafford 010,Manchester 053,10989.5095913019
Trafford 010,Manchester 055,9838.72474345942
Trafford 010,Stockport 014,14836.7804945446
Trafford 010,Trafford 002,3105.3217957297
Trafford 011,Manchester 060,4851.42876678777
Trafford 011,Salford 028,3555.19948821494
Trafford 011,Manchester 018,6231.50262603524
Trafford 011,Manchester 054,6491.17958190961
Trafford 011,Tameside 013,13714.3196051758
Trafford 011,Manchester 053,9426.8231728048
Trafford 011,Manchester 055,6109.86425545024
Trafford 011,Stockport 014,10710.1951252724
Trafford 011,Trafford 002,3533.95925444633
Trafford 012,Manchester 060,6818.69817452927
Trafford 012,Salford 028,5493.952068633
Trafford 012,Manchester 018,8037.28559933567
Trafford 012,Manchester 054,8457.90271491184
Trafford 012,Tameside 013,15387.9201979858
Trafford 012,Manchester 053,8170.77092571166
Trafford 012,Manchester 055,8033.85338997002
Trafford 012,Stockport 014,11468.1064871057
Trafford 012,Trafford 002,4324.0835654076
Trafford 013,Manchester 060,8056.65780758955
Trafford 013,Salford 028,6425.8149843283
Trafford 013,Manchester 018,9554.16408673747
Trafford 013,Manchester 054,9681.47546804173
Trafford 013,Tameside 013,17016.4949425507
Trafford 013,Manchester 053,9038.76068799833
Trafford 013,Manchester 055,9387.7292291556
Trafford 013,Stockport 014,13269.8862230724
Trafford 013,Trafford 002,4039.22260646666
Trafford 014,Manchester 060,6652.94960327131
Trafford 014,Salford 028,5716.76645431949
Trafford 014,Manchester 018,7471.5533114358
Trafford 014,Manchester 054,8255.88448393817
Trafford 014,Tameside 013,14574.5086941563
Trafford 014,Manchester 053,7181.56967179431
Trafford 014,Manchester 055,7688.49997441745
Trafford 014,Stockport 014,10159.4258736689
Trafford 014,Trafford 002,5426.71256021816
Trafford 015,Manchester 060,7595.55971326372
Trafford 015,Salford 028,6440.92931539587
Trafford 015,Manchester 018,8574.2406508572
Trafford 015,Manchester 054,9222.30982177595
Trafford 015,Tameside 013,15738.0306761069
Trafford 015,Manchester 053,7095.86644295009
Trafford 015,Manchester 055,8714.46678093546
Trafford 015,Stockport 014,11212.6270221628
Trafford 015,Trafford 002,5414.75012102692
Trafford 016,Manchester 060,8739.49276016793
Trafford 016,Salford 028,7306.18947815542
Trafford 016,Manchester 018,9972.6003568034
Trafford 016,Manchester 054,10379.2341477715
Trafford 016,Tameside 013,17272.5583979126
Trafford 016,Manchester 053,7760.39647615824
Trafford 016,Manchester 055,9974.46419224635
Trafford 016,Stockport 014,12859.4257032847
Trafford 016,Trafford 002,5338.64012301526
Trafford 017,Manchester 060,11370.0742537754
Trafford 017,Salford 028,9558.54226118235
Trafford 017,Manchester 018,13026.0053073988
Trafford 017,Manchester 054,12955.769142602
Trafford 017,Tameside 013,20526.2281873956
Trafford 017,Manchester 053,10571.294524695
Trafford 017,Manchester 055,12762.7574694285
Trafford 017,Stockport 014,16585.9046115524
Trafford 017,Trafford 002,6255.73139951603
Trafford 018,Manchester 060,6881.00587775681
Trafford 018,Salford 028,6218.12238366531
Trafford 018,Manchester 018,7382.11036927042
Trafford 018,Manchester 054,8425.86077810021
Trafford 018,Tameside 013,14212.0017152534
Trafford 018,Manchester 053,6441.05011385357
Trafford 018,Manchester 055,7764.91521239731
Trafford 018,Stockport 014,9337.30588697877
Trafford 018,Trafford 002,6349.95502561569
Trafford 019,Manchester 060,10445.9847870481
Trafford 019,Salford 028,8970.9742872029
Trafford 019,Manchester 018,11667.9899796757
Trafford 019,Manchester 054,12085.4765584257
Trafford 019,Tameside 013,18916.1658025477
Trafford 019,Manchester 053,7688.09483212998
Trafford 019,Manchester 055,11684.7131640094
Trafford 019,Stockport 014,14126.8784738218
Trafford 019,Trafford 002,6648.34146541259
Trafford 020,Manchester 060,9639.42022671914
Trafford 020,Salford 028,8371.06277147068
Trafford 020,Manchester 018,10639.4605700388
Trafford 020,Manchester 054,11272.2168408127
Trafford 020,Tameside 013,17730.8711765306
Trafford 020,Manchester 053,6580.47820237124
Trafford 020,Manchester 055,10782.0970613962
Trafford 020,Stockport 014,12696.4719537271
Trafford 020,Trafford 002,6665.04319767899
Trafford 021,Manchester 060,9110.52240554443
Trafford 021,Salford 028,8003.02842501421
Trafford 021,Manchester 018,9947.23325152571
Trafford 021,Manchester 054,10726.5272786281
Trafford 021,Tameside 013,16916.5162123007
Trafford 021,Manchester 053,6009.63906453772
Trafford 021,Manchester 055,10177.1652056367
Trafford 021,Stockport 014,11742.4483673931
Trafford 021,Trafford 002,6753.25560428452
Trafford 022,Manchester 060,9776.38669325324
Trafford 022,Salford 028,8969.79862386117
Trafford 022,Manchester 018,10232.6175584173
Trafford 022,Manchester 054,11330.2187285798
Trafford 022,Tameside 013,16761.3178183925
Trafford 022,Manchester 053,4331.80558227554
Trafford 022,Manchester 055,10665.5544879124
Trafford 022,Stockport 014,10847.2452701922
Trafford 022,Trafford 002,8251.60105553312
Trafford 023,Manchester 060,10534.2585616037
Trafford 023,Salford 028,9575.72533574581
Trafford 023,Manchester 018,11132.5164928662
Trafford 023,Manchester 054,12118.9809716969
Trafford 023,Tameside 013,17774.9694131477
Trafford 023,Manchester 053,4588.76896577324
Trafford 023,Manchester 055,11497.7598095416
Trafford 023,Stockport 014,11884.7349618117
Trafford 023,Trafford 002,8444.15418798084
Trafford 024,Manchester 060,11057.1762031928
Trafford 024,Salford 028,9872.41161106508
Trafford 024,Manchester 018,11904.2330629582
Trafford 024,Manchester 054,12678.797669797
Trafford 024,Tameside 013,18792.9545420541
Trafford 024,Manchester 053,5726.92476999543
Trafford 024,Manchester 055,12139.4133592224
Trafford 024,Stockport 014,13196.4971862668
Trafford 024,Trafford 002,8184.10964283577
Trafford 025,Manchester 060,13481.9607739678
Trafford 025,Salford 028,11883.0747993904
Trafford 025,Manchester 018,14797.7083931266
Trafford 025,Manchester 054,15115.751276026
Trafford 025,Tameside 013,22063.0708267139
Trafford 025,Manchester 053,9157.53967833632
Trafford 025,Manchester 055,14765.8285855635
Trafford 025,Stockport 014,17014.5527213982
Trafford 025,Trafford 002,9033.31844335229
Trafford 026,Manchester 060,12193.5265003436
Trafford 026,Salford 028,11240.1087449239
Trafford 026,Manchester 018,12725.8260540781
Trafford 026,Manchester 054,13771.0855210059
Trafford 026,Tameside 013,19192.5524471565
Trafford 026,Manchester 053,4094.21790675272
Trafford 026,Manchester 055,13133.2739575966
Trafford 026,Stockport 014,12867.3460667834
Trafford 026,Trafford 002,9950.3862572709
Trafford 028,Manchester 060,12296.5166236355
Trafford 028,Salford 028,11609.9120569426
Trafford 028,Manchester 018,12509.3059748877
Trafford 028,Manchester 054,13802.2428439996
Trafford 028,Tameside 013,18523.4327769104
Trafford 028,Manchester 053,2395.63906583887
Trafford 028,Manchester 055,13075.6531111245
Trafford 028,Stockport 014,11706.3049780332
Trafford 028,Trafford 002,10857.5687306909
Cheshire East 002,Manchester 060,15921.2321881305
Cheshire East 002,Salford 028,16888.2785234943
Cheshire East 002,Manchester 018,14205.3390422313
Cheshire East 002,Manchester 054,16450.5408786442
Cheshire East 002,Tameside 013,14807.5688163928
Cheshire East 002,Manchester 053,9949.02927826048
Cheshire East 002,Manchester 055,15475.8131134613
Cheshire East 002,Stockport 014,6913.40605443502
Cheshire East 002,Trafford 002,18872.6291766843
Cheshire East 003,Manchester 060,16736.808487015
Cheshire East 003,Salford 028,17838.7542929656
Cheshire East 003,Manchester 018,14882.7968720093
Cheshire East 003,Manchester 054,17136.239995216
Cheshire East 003,Tameside 013,14694.0370223371
Cheshire East 003,Manchester 053,11500.1121993692
Cheshire East 003,Manchester 055,16173.7607880439
Cheshire East 003,Stockport 014,7333.88166484317
Cheshire East 003,Trafford 002,20026.4852820313
Cheshire East 004,Manchester 060,15182.0465821265
Cheshire East 004,Salford 028,15563.3786702688
Cheshire East 004,Manchester 018,14092.6029019978
Cheshire East 004,Manchester 054,16158.2109824412
Cheshire East 004,Tameside 013,17046.2775578019
Cheshire East 004,Manchester 053,5493.14262151944
Cheshire East 004,Manchester 055,15199.5927419289
Cheshire East 004,Stockport 014,8636.98299953824
Cheshire East 004,Trafford 002,16586.3596941771
Cheshire East 005,Manchester 060,15669.1473201333
Cheshire East 005,Salford 028,15873.9805101671
Cheshire East 005,Manchester 018,14765.2457617441
Cheshire East 005,Manchester 054,16750.021602259
Cheshire East 005,Tameside 013,18179.3003372255
Cheshire East 005,Manchester 053,4750.6954075766
Cheshire East 005,Manchester 055,15810.7602413214
Cheshire East 005,Stockport 014,9816.78839593799
Cheshire East 005,Trafford 002,16568.6696752163
Cheshire East 006,Manchester 060,17343.7903528107
Cheshire East 006,Salford 028,17514.0386284011
Cheshire East 006,Manchester 018,16448.6013999268
Cheshire East 006,Manchester 054,18433.1879492877
Cheshire East 006,Tameside 013,19711.4267496005
Cheshire East 006,Manchester 053,5906.35110764062
Cheshire East 006,Manchester 055,17494.6394957556
Cheshire East 006,Stockport 014,11307.9496320488
Cheshire East 006,Trafford 002,18082.015314924
Cheshire East 007,Manchester 060,19553.3349735321
Cheshire East 007,Salford 028,18562.5650345242
Cheshire East 007,Manchester 018,19985.4529774451
Cheshire East 007,Manchester 054,21124.1385129499
Cheshire East 007,Tameside 013,25994.4318370343
Cheshire East 007,Manchester 053,8280.92815205336
Cheshire East 007,Manchester 055,20464.1858344745
Cheshire East 007,Stockport 014,18696.6698303617
Cheshire East 007,Trafford 002,16830.4462585552
Cheshire East 008,Manchester 060,17398.4450379208
Cheshire East 008,Salford 028,17333.1958387122
Cheshire East 008,Manchester 018,16766.3233344967
Cheshire East 008,Manchester 054,18617.4485102601
Cheshire East 008,Tameside 013,20713.5586156276
Cheshire East 008,Manchester 053,4987.4197866407
Cheshire East 008,Manchester 055,17715.6579005476
Cheshire East 008,Stockport 014,12422.2236717039
Cheshire East 008,Trafford 002,17471.8616581265
Cheshire East 011,Manchester 060,19638.2004849175
Cheshire East 011,Salford 028,20290.2319129454
Cheshire East 011,Manchester 018,18198.6040647194
Cheshire East 011,Manchester 054,20392.5383632203
Cheshire East 011,Tameside 013,19468.3361399475
Cheshire East 011,Manchester 053,10508.4123644896
Cheshire East 011,Manchester 055,19413.3184879601
Cheshire East 011,Stockport 014,11376.774757608
Cheshire East 011,Trafford 002,21643.0458435171
Rossendale 008,Manchester 060,20848.9611327427
Rossendale 008,Salford 028,20922.9286981327
Rossendale 008,Manchester 018,21962.5615804728
Rossendale 008,Manchester 054,19827.7366201185
Rossendale 008,Tameside 013,23005.1184762551
Rossendale 008,Manchester 053,33523.4811324475
Rossendale 008,Manchester 055,20795.1643836815
Rossendale 008,Stockport 014,29097.0079283888
Rossendale 008,Trafford 002,21975.1861512391
Oldham 035,Manchester 060,10336.3948450215
Oldham 035,Salford 028,12118.0744256269
Oldham 035,Manchester 018,9250.01973376761
Oldham 035,Manchester 054,8719.71663263423
Oldham 035,Tameside 013,5496.17741251903
Oldham 035,Manchester 053,21577.755801332
Oldham 035,Manchester 055,9051.73010716124
Oldham 035,Stockport 014,13325.4816027749
Oldham 035,Trafford 002,15784.8181257997
Manchester 054,Manchester 060,1639.79153348269
Manchester 054,Salford 028,3456.21371204662
Manchester 054,Manchester 018,2253.46301234017
Manchester 054,Manchester 054,0
Manchester 054,Tameside 013,8462.32694008224
Manchester 054,Manchester 053,14294.7279927695
Manchester 054,Manchester 055,979.949354176255
Manchester 054,Stockport 014,9893.13003640953
Manchester 054,Trafford 002,7279.91184233171
Manchester 055,Manchester 060,1474.91560409163
Manchester 055,Salford 028,3519.30776744454
Manchester 055,Manchester 018,1301.14809158159
Manchester 055,Manchester 054,979.949354176287
Manchester 055,Tameside 013,8171.34093660669
Manchester 055,Manchester 053,13465.9602168016
Manchester 055,Manchester 055,0
Manchester 055,Stockport 014,8953.08820248264
Manchester 055,Trafford 002,7380.63417977816
Manchester 056,Manchester 060,2713.05314579072
Manchester 056,Salford 028,4237.60229038188
Manchester 056,Manchester 018,3252.17145301791
Manchester 056,Manchester 054,1186.16586976112
Manchester 056,Tameside 013,8353.22248797717
Manchester 056,Manchester 053,15480.5560336162
Manchester 056,Manchester 055,2094.12897454163
Manchester 056,Stockport 014,10759.8826073012
Manchester 056,Trafford 002,7901.22237626249
Manchester 057,Manchester 060,809.804330260191
Manchester 057,Salford 028,2672.74288304651
Manchester 057,Manchester 018,1642.98394480879
Manchester 057,Manchester 054,1793.47746995496
Manchester 057,Tameside 013,9104.98407680509
Manchester 057,Manchester 053,12508.1710273075
Manchester 057,Manchester 055,1152.98764007361
Manchester 057,Stockport 014,8887.69081519953
Manchester 057,Trafford 002,6455.93370324774
Manchester 058,Manchester 060,2611.20980323279
Manchester 058,Salford 028,3707.02142361782
Manchester 058,Manchester 018,3808.41300029318
Manchester 058,Manchester 054,1555.87372209708
Manchester 058,Tameside 013,9299.25723948016
Manchester 058,Manchester 053,15536.0472745217
Manchester 058,Manchester 055,2530.35173187871
Manchester 058,Stockport 014,11436.3825243666
Manchester 058,Trafford 002,7180.531538882
Manchester 059,Manchester 060,766.002116976746
Manchester 059,Salford 028,1675.80616781605
Manchester 059,Manchester 018,2664.17139080296
Manchester 059,Manchester 054,2397.79067705377
Manchester 059,Tameside 013,10145.0404974972
Manchester 059,Manchester 053,12237.0348672193
Manchester 059,Manchester 055,2079.7630105805
Manchester 059,Stockport 014,9561.52393665418
Manchester 059,Trafford 002,5415.05372941159
Manchester 060,Manchester 060,0
Manchester 060,Salford 028,2047.47223457016
Manchester 060,Manchester 018,2367.80385878816
Manchester 060,Manchester 054,1639.79153348243
Manchester 060,Tameside 013,9641.25174812599
Manchester 060,Manchester 053,12925.2858402847
Manchester 060,Manchester 055,1474.91560409166
Manchester 060,Stockport 014,9694.2109835443
Manchester 060,Trafford 002,5905.90184612853
